service_date,route_id,direction_id,stop_id,stop_name,trip_id,vehicle_id,scheduled_epoch,observed_epoch,delay_s,headway_s,sched_headway_s,headway_status
2026-10-01,D80,0,7535,Wisconsin Av NW+Cathedral Av NW,13978020,4597,1790889000,1790891754,2754,,,
2026-10-01,D80,0,7535,Wisconsin Av NW+Cathedral Av NW,28586020,6478,1790891220,1790893223,2003,1469.0,2220.0,regular
2026-10-01,D80,0,7535,Wisconsin Av NW+Cathedral Av NW,34736020,7151,1790889900,1790893250,3350,27.0,-1320.0,out_of_order
2026-10-01,D80,0,7535,Wisconsin Av NW+Cathedral Av NW,21019020,7141,1790891700,1790893311,1611,61.0,1800.0,bunched
2026-10-01,D80,0,7535,Wisconsin Av NW+Cathedral Av NW,17889020,4732,1790892120,1790893338,1218,27.0,420.0,bunched
2026-10-01,D80,0,7535,Wisconsin Av NW+Cathedral Av NW,20018020,4586,1790890800,1790893341,2541,3.0,-1320.0,out_of_order
2026-10-01,D80,0,7535,Wisconsin Av NW+Cathedral Av NW,24722020,7146,1790893440,1790893610,170,269.0,2640.0,bunched
2026-10-01,D80,0,7535,Wisconsin Av NW+Cathedral Av NW,22236020,4581,1790898780,1790899451,671,5841.0,5340.0,regular
2026-10-01,D80,0,7535,Wisconsin Av NW+Cathedral Av NW,26533020,7139,1790899680,1790899480,-200,29.0,900.0,bunched
2026-10-01,D80,0,7535,Wisconsin Av NW+Cathedral Av NW,18068020,7151,1790899260,1790899482,222,2.0,-420.0,out_of_order
