check_name,table_name,severity,runs,passed,rows_failed,rows_checked
dep_error_bounded,gold_timepoint_departures,critical,2,2,0,3334
dep_key_unique,gold_timepoint_departures,critical,2,2,0,3334
dep_status_valid,gold_timepoint_departures,critical,2,2,0,3334
headway_non_negative,gold_headways,critical,2,2,0,1310
perf_counts_add_up,gold_route_hour_performance,critical,2,2,0,691
perf_pct_in_range,gold_route_hour_performance,critical,2,2,0,691
tu_key_unique,silver_trip_updates,critical,2,2,0,132121
vp_key_unique,silver_vehicle_positions,critical,2,2,0,92290
vp_vehicle_id_present,silver_vehicle_positions,critical,2,2,0,92290
dep_delay_plausible,gold_timepoint_departures,warning,2,2,0,3334
tu_delay_plausible,silver_trip_updates,warning,2,2,0,132121
vp_in_dc_region,silver_vehicle_positions,warning,2,2,0,92290
