run_id,step,status,started_epoch,duration_s,bronze_rows,freshness_s
625552157156914,collect,succeeded,1790891297,573,0,
625552157156914,bronze,succeeded,1790891934,32,61950,
625552157156914,silver,succeeded,1790891984,171,0,
625552157156914,gold,succeeded,1790892176,28,0,354.0
194985989980491,collect,succeeded,1790893211,574,0,
194985989980491,weather,succeeded,1790893212,52,0,
194985989980491,bronze,succeeded,1790893806,30,60382,
194985989980491,silver,succeeded,1790893855,186,0,
194985989980491,gold,succeeded,1790894063,30,0,327.0
194985989980491,quality,succeeded,1790894111,18,0,
63752990953627,weather,succeeded,1790899229,62,0,
63752990953627,collect,succeeded,1790899230,573,0,
63752990953627,bronze,succeeded,1790899824,30,52120,
63752990953627,silver,succeeded,1790899874,167,0,
63752990953627,gold,succeeded,1790900063,33,0,315.0
63752990953627,quality,succeeded,1790900117,16,0,
