route_id,route_short_name,route_long_name,departures,on_time,early,late,avg_delay_s,p90_delay_s,rush_departures,rush_on_time,days,headways,bunched,gapped
A11,A11,Pentagon-Huntington,157,114,9,34,222.0,572.8000000000001,45,38,8,92,0,0
A12,A12,Ballston-Hunting Point,210,170,16,24,157.8,441.39999999999986,61,46,8,125,0,0
A1X,A1X,Pentagon City-Braddock Rd,226,193,7,26,174.7,434.0,74,62,9,166,3,0
A25,A25,Pentagon-S Fairlington-Landmark,24,23,0,1,141.6,216.2,24,23,7,4,0,1
A27,A27,Pentagon-Shirlington-Van Dorn St,273,231,10,32,187.2,465.6,71,68,8,174,2,0
A28,A28,Pentagon-Holmes Run-Landmark,40,33,4,3,129.2,296.5000000000001,40,33,6,10,0,1
A29,A29,Metro Ctr-Alexandria W,30,20,2,8,236.3,535.7,29,20,6,10,0,0
A40,A40,Columbia Pike-National Landing,388,342,3,43,183.7,436.3,164,155,9,314,6,0
A49,A49,Columbia Pike-Metro Center,85,60,7,18,249.4,848.8000000000008,84,59,6,25,0,0
A58,A58,Wilson Blvd-Farragut Sq,451,360,19,72,202.2,549.0,126,101,8,315,6,0
A66,A66,Pentagon-Shirlington-Culmore,90,83,3,4,134.0,339.6,37,33,9,50,0,0
A70,A70,Glebe Rd,302,241,13,48,196.9,495.7000000000001,81,66,9,197,3,0
A71,A71,Ballston-King St,129,112,5,12,159.2,404.6,35,31,8,82,0,0
A76,A76,Carlin Springs Rd,213,190,6,17,139.7,374.8,75,64,9,132,1,0
A90,A90,Pentagon-Mark Center,36,36,0,0,60.3,92.5,23,23,6,25,0,0
C11,C11,S Capitol St,324,232,38,54,153.3,560.8,101,73,9,222,0,0
C13,C13,MLK Av-Washington Highlands,268,217,21,30,160.2,463.6,73,60,8,204,6,0
C15,C15,MLK Av-Southern Av,236,179,13,44,239.2,585.5,71,48,9,147,6,2
C17,C17,MLK Av-Bellevue,196,167,7,22,174.5,432.0,70,61,8,135,1,0
C21,C21,Alabama Av-Benning Rd,559,389,102,68,101.3,468.2,149,101,9,433,18,1
C23,C23,Alabama Av-Division Av,145,103,35,7,63.5,346.0,38,27,9,89,0,0
C25,C25,Pomeroy Rd-Skyland,66,53,2,11,168.8,466.5,20,15,8,37,0,0
C26,C26,Stanton Rd-Skyland,92,81,2,9,144.1,383.70000000000005,34,27,9,56,0,0
C27,C27,Naylor Rd-Shepherd Pkwy,232,148,41,43,164.3,553.8,86,54,9,147,3,0
C29,C29,Anacostia-Southern Av,153,131,10,12,167.0,404.0,47,42,8,96,0,0
C31,C31,Minnesota Av,478,330,72,76,160.6,563.3000000000002,176,126,9,380,23,0
C33,C33,Sheriff Rd,65,40,5,20,373.5,1201.6000000000004,26,15,8,37,0,0
C35,C35,Deanwood-Naylor Road,190,128,38,24,110.4,471.4999999999999,67,52,8,124,3,1
C37,C37,Lincoln Hts-Potomac Av,362,276,32,54,158.5,519.4000000000002,129,93,9,238,5,0
C41,C41,Bladensburg Rd,416,294,53,69,175.7,550.5,138,98,9,319,19,0
C43,C43,Maryland Av,128,104,5,19,153.3,470.0999999999999,50,39,8,81,2,0
C51,C51,U St-Anacostia,302,186,39,77,272.2,936.7000000000012,88,51,9,201,5,2
C53,C53,U St-Congress Hts,657,400,85,172,242.2,732.4,198,120,9,517,48,5
C55,C55,Union Station-L'Enfant Plaza,133,99,15,19,219.9,572.1999999999998,34,24,8,84,0,0
C57,C57,U St-Capitol Hts,46,31,9,6,121.9,586.5,32,23,7,18,0,0
C61,C61,Brookland-Tenleytown,337,245,13,79,265.5,557.8000000000001,95,70,9,258,7,0
C63,C63,Deanwood-Georgia Av,168,111,31,26,148.4,508.30000000000035,48,29,9,88,0,0
C71,C71,18 St,154,103,9,42,327.8,801.8000000000008,59,29,9,94,0,1
C75,C75,Takoma-Georgia Av,127,95,19,13,85.4,375.8000000000005,38,28,8,82,4,0
C77,C77,Takoma-Fort Totten,34,26,1,7,214.9,600.9999999999999,26,21,6,17,1,0
C81,C81,Military Rd,223,176,14,33,207.7,524.4000000000001,73,62,9,136,4,1
C83,C83,Barnaby Woods-Friendship Hts,92,80,8,4,104.2,312.0,34,27,8,62,0,0
C85,C85,Nebraska Av-Foggy Bottom,51,35,4,12,300.6,836.0,47,34,7,10,0,0
C87,C87,Silver Spring-Tenleytown,30,26,2,2,138.3,329.80000000000007,30,26,7,6,0,0
C91,C91,LeDroit Park-Georgetown,168,122,13,33,202.3,589.3000000000002,61,42,9,109,2,2
D10,D10,Pennsylvania Av,295,191,53,51,194.5,626.2000000000007,106,59,9,205,14,1
D1X,D1X,Pennsylvania Av Limited,159,121,18,20,199.1,465.0000000000001,47,39,9,102,4,0
D20,D20,H St,376,283,43,50,138.5,459.0,120,99,9,295,16,0
D24,D24,E Capitol St,325,227,48,50,153.5,495.20000000000005,101,75,9,220,1,0
D2X,D2X,H St Limited,181,106,0,75,419.8,884.0,64,37,7,112,7,0
D30,D30,N Capitol St,337,271,27,39,138.0,447.4000000000009,105,80,9,242,4,0
D32,D32,Rhode Island Av-Fort Lincoln,250,168,15,67,281.1,794.1999999999999,83,49,9,173,12,1
D34,D34,W Hyattsville-Edgewood-Metro Ctr,247,176,14,57,269.3,645.0,88,68,8,152,2,2
D36,D36,K St-Ivy City,226,145,14,67,323.0,820.5,64,40,9,138,5,1
D40,D40,7 St-Georgia Av,398,286,31,81,229.1,676.8000000000002,109,87,9,299,17,2
D44,D44,11 St,199,135,20,44,214.0,584.6,76,50,9,130,6,0
D4X,D4X,7 St-Georgia Av Limited,456,390,24,42,147.5,398.5,142,127,9,358,11,1
D50,D50,14 St,358,260,50,48,127.1,493.3,126,94,8,249,7,1
D5X,D5X,14 St Limited,426,334,50,42,127.2,405.5,206,154,9,318,16,0
D60,D60,16 St,435,345,30,60,172.5,494.20000000000005,144,113,9,327,10,3
D6X,D6X,16 St Limited,505,416,25,64,171.5,481.2000000000005,198,157,9,393,16,0
D70,D70,Connecticut Av,303,225,41,37,160.3,492.20000000000005,97,72,9,215,8,0
D72,D72,Connecticut Av-Mt Pleasant,347,271,30,46,155.7,440.2000000000003,151,111,9,268,10,2
D74,D74,Rhode Island Av-Foggy Bottom,370,253,42,75,203.9,623.6000000000004,121,80,9,245,8,4
D80,D80,Wisconsin Av-Union Station,583,409,55,119,238.3,642.6000000000001,194,129,9,483,48,0
D82,D82,Wisconsin Av-Foggy Bottom,50,33,2,15,404.2,1183.5000000000002,48,33,7,18,2,0
D90,D90,Massachusetts Av-Tenleytown,166,124,19,23,128.2,478.0,59,41,8,100,0,1
D94,D94,Gallery Place-Sibley Hospital,169,135,6,28,211.5,516.8000000000001,55,48,8,101,1,0
D96,D96,Massachusetts Av-Bethesda,257,177,27,53,221.6,581.0,94,65,8,151,1,0
F19,F19,Mt Vernon Estate Exp,23,17,3,3,197.1,452.00000000000006,23,17,7,1,0,0
F1X,F1X,Richmond Hwy,387,304,20,63,190.1,524.8000000000001,117,89,9,267,5,0
F20,F20,Leesburg Pike,734,601,19,114,202.6,547.7,229,190,9,558,15,0
F23,F23,Little River Tpk-George Mason,194,140,17,37,208.6,605.9000000000004,49,35,9,99,1,1
F24,F24,Little River Tpk-Vienna,199,156,6,37,226.3,653.400000000001,59,42,9,108,0,0
F26,F26,E Falls Church-Annandale,92,74,2,16,275.7,702.5000000000001,44,34,9,45,0,0
F28,F28,Kings Park W Exp,41,32,1,8,222.8,603.0,36,30,7,8,0,0
F29,F29,Braddock Rd,39,30,5,4,113.2,398.2000000000003,39,30,6,4,0,0
F44,F44,Columbia Pike-Pentagon,210,188,11,11,81.0,281.1,66,60,9,133,0,0
F50,F50,Washington Blvd,182,143,6,33,276.3,671.9000000000002,53,40,9,93,1,0
F60,F60,Arlington Blvd-Fair Oaks,218,168,14,36,191.0,525.0,60,47,9,121,1,0
F61,F61,Arlington Blvd-Jermantown Rd,232,164,2,66,288.6,707.6,62,44,9,128,0,1
F62,F62,Rosslyn-Arlington Blvd-Dunn Lori,265,216,15,34,161.0,489.4,93,71,8,166,0,0
F81,F81,Burke Centre Exp,54,44,1,9,173.3,580.8000000000001,53,44,7,20,0,0
F83,F83,Cardinal Forest Exp,18,16,0,2,149.4,439.8000000000002,17,16,6,5,0,0
F85,F85,Little River Tpk-Pentagon,32,22,7,3,23.0,217.7000000000001,24,17,6,10,0,0
M12,M12,University Blvd,414,327,38,49,141.2,462.8999999999999,184,151,9,308,13,0
M20,M20,Wheaton-Silver Spring,245,198,26,21,103.2,361.1999999999999,97,82,8,171,9,0
M22,M22,Olney-Bethesda,337,256,15,66,213.3,573.4000000000003,106,77,9,208,0,1
M42,M42,Randolph Rd-College Park,198,146,16,36,171.1,530.6000000000003,66,48,8,115,0,0
M44,M44,Randolph Rd-Hyattsville Crossing,201,140,24,37,175.3,597.0,73,53,9,110,0,0
M52,M52,Colesville Rd-Burtonsville,145,105,13,27,218.5,649.7999999999997,34,19,9,80,0,0
M54,M54,Colesville Rd-Greencastle,136,102,5,29,276.1,596.5,38,28,9,86,0,0
M60,M60,New Hampshire Av,311,206,55,50,130.1,530.0,101,77,8,231,16,1
M6X,M6X,New Hampshire Av Limited,74,66,6,2,62.6,274.0000000000001,71,64,7,29,0,0
M70,M70,East West Hwy,453,374,19,60,192.3,463.0,153,114,9,357,11,0
M82,M82,River Rd-Falls Rd,185,161,4,20,144.5,430.6,55,40,8,119,0,0
P10,P10,Baltimore Av,161,120,27,14,127.3,380.0,42,29,8,93,2,0
P12,P12,Laurel-Greenbelt,102,77,14,11,113.9,422.60000000000014,28,20,9,48,0,0
P14,P14,Kenilworth Av,118,81,15,22,170.7,619.1999999999999,44,33,9,57,0,0
P15,P15,Riggs Rd-Adelphi,30,18,5,7,277.0,869.9000000000002,30,18,6,4,2,0
P16,P16,Riggs Rd-White Oak,239,161,53,25,72.5,431.20000000000005,74,55,9,145,4,3
P1X,P1X,Baltimore Av Limited,232,161,33,38,137.7,492.9,61,40,9,144,0,0
P20,P20,Greenbelt Rd-New Carrollton,190,137,41,12,72.8,377.0,58,49,8,109,1,0
P21,P21,Hanover Pkwy-New Carrollton,137,109,7,21,213.9,492.4,39,26,9,80,0,0
P24,P24,Good Luck Rd,131,97,11,23,178.5,642.0,38,34,7,77,0,0
P30,P30,New Carrollton-Silver Spring,377,279,32,66,192.3,527.4000000000001,114,80,9,270,11,0
P31,P31,New Carrollton-Takoma Langley,154,113,11,30,209.6,585.5000000000001,39,28,8,95,0,0
P32,P32,Greenbelt-Fort Totten,147,120,19,8,115.0,347.8,55,40,9,93,2,0
P33,P33,Queens Chapel Rd,121,105,0,16,196.7,495.0,32,26,8,66,0,0
P35,P35,New Carrollton-Fort Totten,93,77,9,7,107.5,375.0,49,43,7,37,0,0
P40,P40,Annapolis Rd,404,289,41,74,188.7,580.8,116,89,9,293,23,0
P41,P41,Landover Rd,235,182,42,11,58.1,290.59999999999997,63,48,9,157,0,0
P42,P42,Chillum Rd-New Carrollton,253,177,44,32,104.7,517.6000000000004,87,60,8,144,4,2
P60,P60,MLK Hwy-Suitland,356,285,34,37,126.1,426.5,114,92,9,263,7,0
P61,P61,Glenarden-Suitland,158,120,16,22,170.4,522.6,48,33,8,83,0,0
P62,P62,Deanwood-Branch Av,161,107,32,22,118.1,493.0,86,56,8,83,1,0
P63,P63,Central Av-Naylor Rd,74,65,3,6,116.7,341.1,39,33,8,40,0,0
P66,P66,Forestville-Suitland,81,62,12,7,88.1,314.0,30,28,8,46,0,0
P72,P72,Central Av-Bowie,193,155,28,10,71.3,346.20000000000005,91,78,9,100,0,0
P73,P73,Central Av-Trade Zone,78,54,23,1,25.6,286.0,46,31,7,42,0,0
P87,P87,Brinkley Rd,86,63,6,17,268.3,705.0,26,18,8,50,1,1
P90,P90,St Barnabas Rd,256,196,17,43,210.6,524.0,72,53,8,175,4,1
P93,P93,Suitland-Birchwood,189,123,40,26,98.0,495.40000000000003,69,54,9,107,0,0
P94,P94,Suitland-National Harbor,313,255,23,35,165.2,432.40000000000003,86,67,9,201,0,1
P96,P96,Suitland-Oxon Hill,166,123,25,18,105.0,432.0,44,34,8,100,0,0
P97,P97,Southern Av-Ft Washington,97,71,18,8,80.0,358.8000000000002,61,44,7,40,0,0
