stop_id,stop_name,lat,lon,departures,on_time,avg_delay_s,routes,route_ids,headways,bunched
10049,Rhode Island Av+University Bl,38.998569,-76.92543,2,2,80.0,1,M42,0,0
10055,Rockville Pk+South Dr,38.998737,-77.097015,6,5,60.8,1,M70,4,0
10120,Crescent Rd+Gardenway,39.001163,-76.87532,4,4,109.0,1,P21,2,0
10126,Crescent Rd+Gardenway,39.00135,-76.874901,4,3,326.3,2,P20 P21,1,0
10143,Riggs Rd+Apache St,39.002316,-76.972015,1,1,217.0,1,P15,0,0
10164,Edmonston Rd+Springhill Dr,39.003235,-76.89772,3,2,354.7,1,P14,2,0
10173,Edmonston Rd+Springhill Dr,39.003677,-76.89782,1,1,236.0,1,P14,0,0
10240,Northampton Dr+Avenel Rd,39.006836,-76.980896,6,4,244.7,1,M60,4,0
10249,Kenilworth Av+Crescent Rd,39.007092,-76.891991,1,1,343.0,1,P21,0,0
10276,9 St+Chapel Av,39.00827,-76.78022,4,4,131.3,1,P24,2,0
10277,9 St+Railroad Av,39.008293,-76.780365,1,0,-140.0,1,P24,0,0
10333,New Hampshire Av+Dilston Rd,39.01165,-76.979019,7,5,90.4,1,M60,5,1
10366,Georgia Av+Forest Glen Rd,39.015934,-77.042664,7,2,106.7,1,M20,5,1
10374,Georgia Av+Forest Glen Rd,39.016098,-77.042969,11,10,160.3,1,M20,9,1
10385,Bowie State U+MLK Center,39.017548,-76.761436,4,4,162.0,1,P24,2,0
10400,Falls Rd+River Rd,39.019043,-77.208549,2,1,748.0,1,M82,0,0
10408,University Bl+Colesville Rd,39.019848,-77.011864,8,7,103.5,1,M12,6,0
10409,University Bl+Colesville Rd,39.019913,-77.013496,9,7,-3.1,1,M12,6,0
10421,Colesville Rd+University Bl,39.020855,-77.012138,4,2,244.0,1,M54,2,0
10460,Old Georgetown Rd+Bells Mill Rd,39.024281,-77.125015,5,5,39.8,1,M70,3,0
10472,Democracy Bl+Old Georgetown Rd,39.024639,-77.126053,8,4,738.4,1,M70,5,1
10474,Jayrose Bl+Cherry Hill Rd,39.024845,-76.941338,3,2,2.7,1,M42,1,0
10482,Sunnyside Av+Rhode Island Av,39.025757,-76.918465,2,1,-117.0,1,P12,0,0
10502,Connecticut Av+Knowles Av,39.026749,-77.076859,3,2,394.3,1,M22,2,0
10511,Connecticut Av+Knowles Av,39.028122,-77.076294,2,2,183.0,1,M22,0,0
10559,Rhode Island Av+Twin Chimneys Office Pk,39.032307,-76.914185,1,1,-83.0,1,M44,0,0
10560,Rhode Island Av+Twin Chimneys Office Pk,39.032402,-76.91394,5,5,36.4,1,M44,3,0
10607,University Bl+Sligo Creek Pkwy,39.0364,-77.030167,7,6,9.1,1,M12,5,0
10613,University Bl+Sligo Creek Pkwy,39.036613,-77.030174,7,5,147.1,1,M12,5,0
10628,Wheaton+Bay D,39.037853,-77.050995,7,6,183.6,1,M12,5,1
10653,Powder Mill Rd+Cherry Hill Rd,39.039421,-76.947891,5,3,269.8,1,P16,2,1
10660,Lockwood Dr+New Hampshire Av,39.040268,-76.989273,15,9,262.8,4,M42 M52 M54 M60,9,1
10662,Lockwood Dr+New Hampshire Av,39.040321,-76.989403,11,8,150.5,4,M42 M52 M54 M60,5,1
1076,St Barnabas Rd+Alice Av,38.810863,-76.967865,5,4,38.8,1,P90,3,0
10777,Falls Rd+Tuckerman Ln,39.050613,-77.187904,2,2,207.0,1,M82,0,0
10845,Randolph Rd+Bennion Rd,39.055099,-77.084106,4,4,120.8,1,M12,2,0
10852,Broadbirch Dr+Plum Orchard Dr,39.055527,-76.957611,4,3,341.8,1,M52,3,0
10853,Randolph Rd+Selfridge Rd,39.055603,-77.08358,6,3,138.8,1,M12,4,0
10867,Randolph Rd+Veirs Mill Rd,39.056412,-77.082047,3,3,239.7,1,M44,1,0
10876,Randolph Rd+Veirs Mill Rd,39.056519,-77.082268,1,1,-79.0,1,M42,0,0
10961,Old Columbia Pk+E Randolph Rd,39.062141,-76.966629,4,1,434.0,2,M44 M54,0,0
10967,Old Columbia Pk+E Randolph Rd,39.062378,-76.966606,9,9,244.4,2,M44 M54,6,0
1101,Braddock Rd+Inverchapel Rd,38.811287,-77.228592,1,1,-101.0,1,F29,0,0
1105,St Barnabas Rd+Virginia Ln,38.811325,-76.967674,1,1,346.0,1,P90,0,0
11062,Falls Rd+Wootton Pkwy,39.070049,-77.169449,4,3,168.5,1,M82,2,0
11118,New Hampshire Av+Randolph Rd,39.074959,-77.002342,3,2,427.0,1,M42,1,0
11132,Randolph Rd+New Hampshire Av,39.075745,-77.003334,3,2,99.0,1,M42,2,0
11161,Briggs Chaney P+R,39.077675,-76.942444,6,5,108.0,1,M52,1,0
11223,Old Columbia Pk+Avonshire Dr,39.083439,-76.951813,1,0,759.0,1,M54,0,0
11229,Old Columbia Pk+Avonshire Dr,39.083759,-76.951576,5,5,211.8,1,M54,2,0
11234,Georgia Av+Connecticut Av,39.083988,-77.07814,6,6,81.0,2,M20 M22,3,0
11242,Georgia Av+Connecticut Av,39.084217,-77.077827,9,7,203.8,2,M20 M22,6,0
1125,S Reynolds St+Duke St,38.811977,-77.126404,2,2,134.5,1,A27,0,0
1127,Duke St+S Jordan St,38.812,-77.109032,9,6,131.3,2,F20 F24,4,0
1131,S Reynolds St+Duke St,38.812172,-77.12632,7,7,106.0,2,A27 A28,4,0
11327,Cherry Ln+Laurel Pl,39.091938,-76.859673,1,1,134.0,1,P12,0,0
11336,Cherry Ln+4 St,39.092728,-76.863609,2,0,1151.0,1,M52,0,0
11441,Leisure World+Club House,39.100842,-77.073235,7,4,309.4,1,M22,4,0
11488,Georgia Av+Norbeck Rd,39.107552,-77.076019,12,5,300.7,2,M20 M22,8,0
11490,7 St+Main St,39.108444,-76.854034,2,2,-79.5,1,P12,0,0
11493,Georgia Av+Norbeck Rd,39.108822,-77.076233,5,5,78.2,2,M20 M22,1,0
11508,Burtonsville Ctr+National Dr,39.113956,-76.930733,1,0,1059.0,1,M52,0,0
11545,Georgia Av+Olney Sandy Spring Rd,39.152359,-77.066719,2,1,378.0,1,M22,1,0
11546,Georgia Av+Olney-Laytonsville Rd,39.152775,-77.066948,4,4,219.8,1,M22,2,0
11558,Braddock Rd+Backlick Rd,38.811798,-77.184418,1,1,-20.0,1,F29,0,0
1164,Helmont Dr+Dundalk Dr,38.813183,-76.982712,1,1,-33.0,1,P93,0,0
11658,Richmond Hwy+Southgate Dr,38.773579,-77.081238,4,4,72.0,1,F1X,2,0
11663,Richmond Hwy+Arlington Dr,38.755043,-77.083656,6,6,30.5,1,F1X,4,0
11668,Richmond Hwy+Ladson Ln,38.740356,-77.087601,3,1,-6.0,1,F1X,1,0
11706,Richmond Hwy+Sherwood Hall Ln,38.74157,-77.085892,4,4,117.0,1,F1X,2,0
11711,Richmond Hwy+Arlington Dr,38.755241,-77.083305,4,3,269.8,1,F1X,2,0
11717,Richmond Hwy+Southgate Dr,38.773582,-77.08091,8,5,294.5,1,F1X,6,0
11765,16 St NW+Buchanan St NW,38.946304,-77.036537,17,15,119.5,2,D60 D6X,12,0
11775,16 St NW+Irving St NW,38.927986,-77.03653,13,13,78.5,2,D60 D6X,9,0
11780,16 St NW+U St NW,38.916527,-77.036552,8,8,142.4,2,D60 D6X,4,0
11786,Eastern Av NW+16 St NW,38.991673,-77.035744,6,5,141.5,1,D60,4,0
1180,Commonwealth Bl+Gainsborough Dr,38.813606,-77.29039,3,0,754.3,1,F28,1,0
11801,16 St NW+Sheridan St NW,38.966316,-77.036446,7,7,78.6,3,C87 D60 D6X,3,0
11804,16 St NW+Missouri Av NW,38.961967,-77.036499,1,1,71.0,1,D60,0,0
11830,16 St NW+Somerset Pl NW,38.966717,-77.03627,14,11,289.7,2,D60 D6X,10,0
11843,Eastern Av+Newell St,38.988277,-77.031197,3,2,413.0,1,D60,1,0
11881,Vernon View Dr+Wakefield St,38.71471,-77.062599,1,1,11.0,1,F19,0,0
11896,GW Pkwy+Tulane Dr,38.766529,-77.053513,1,1,-81.0,1,F19,0,0
11902,GW Pkwy+Tulane Dr,38.765251,-77.053444,1,0,-251.0,1,F19,0,0
1193,Twinbrook Rd+Heathwood Ct,38.813995,-77.275116,2,2,211.5,1,F28,0,0
11953,Anacostia+Bay C,38.862045,-76.995819,1,1,129.0,1,C29,0,0
11954,Anacostia+Bay B,38.862179,-76.995987,8,8,234.6,1,C41,6,0
11955,Anacostia+Bay D,38.861996,-76.995628,1,1,107.0,1,C23,0,0
11962,Addison Rd+Bay C,38.88599,-76.895744,1,1,228.0,1,P63,0,0
11965,Addison Rd+Bay B,38.885792,-76.895706,5,5,162.4,1,P62,1,0
11972,Minnesota Av+Bay F,38.89782,-76.947456,5,1,488.4,1,C31,3,0
11976,Minnesota Av+Bay B,38.898407,-76.946899,4,1,391.8,1,C33,2,0
11978,Deanwood+Bay A,38.908054,-76.934914,4,4,175.0,1,C23,2,0
11979,Deanwood+Bay B,38.907917,-76.934944,6,5,242.0,2,C63 D24,4,0
11988,Landover+Bay C,38.933514,-76.890678,3,3,11.0,1,P41,2,0
11991,Brookland-CUA+Bay B,38.933342,-76.99411,7,6,96.3,1,C61,5,0
11992,Brookland-CUA+Bay G,38.933662,-76.99379,3,1,-31.3,1,C63,1,0
12027,Greenbelt+Bay G,39.011196,-76.910378,2,2,51.5,1,P32,1,0
12141,Seminary Rd+N Kenmore Av,38.8279,-77.1119,1,1,207.0,1,A28,0,0
12168,Greenbelt Rd+Rhode Island Av,38.99826,-76.926178,2,1,373.5,2,M42 P32,0,0
12273,Powder Mill Rd+Cherry Hill Rd,39.040611,-76.947128,4,2,402.0,1,P16,2,0
12439,Stadium-Armory+Bay D,38.888649,-76.977142,5,1,167.2,1,C41,3,0
1257,Twinbrook Rd+Twinbrook Run Dr,38.816311,-77.274597,1,1,219.0,1,F28,0,0
12628,Kennedy St NW+Colorado Av NW,38.956287,-77.033089,5,4,237.6,1,C81,2,0
12631,18 St NE+Hamlin St NE,38.928432,-76.979126,1,0,552.0,1,C71,0,0
12829,Texas Av SE+E Capitol St SE,38.889019,-76.938797,3,1,-54.3,1,C23,1,0
12892,Glenmont+Bay D,39.062328,-77.052872,6,4,358.0,2,M20 M22,2,0
12893,Glenmont+Bay H,39.06216,-77.053284,2,1,292.0,1,M22,0,0
1293,Little River Tpk+Oasis Dr,38.81786,-77.142181,5,2,286.8,2,F23 F24,2,0
12953,MedStar Montgomery+Prince Philip Dr,39.153046,-77.055138,1,0,447.0,1,M22,0,0
13000,Glenmont+Bay E,39.062,-77.052704,6,4,247.2,2,M42 M44,3,0
13062,Southern Av+Bay A,38.840408,-76.976326,5,5,105.2,1,D10,3,0
13068,30 St SE+Erie St SE,38.85701,-76.964531,4,4,152.0,1,D1X,2,0
13106,N Capitol St NE+P St NE,38.909477,-77.008881,5,4,-26.8,1,D30,3,0
13107,Alabama Av SE+18 St SE,38.847378,-76.979225,3,1,347.7,2,C25 C26,1,0
13111,Congress Heights+Bus Bay T4,38.845222,-76.98893,4,3,223.8,1,C53,2,0
13118,Southern Av+Bay B,38.840466,-76.976082,4,4,47.8,1,C29,2,0
13122,Anacostia+Bay K,38.862286,-76.995872,3,3,135.3,1,C17,1,0
13144,New Hampshire Av NW+Georgia Av NW,38.93689,-77.023941,2,2,162.0,1,D44,1,0
13159,Nebraska Av NW+Ward Circle NW,38.937077,-77.086746,6,6,-17.2,1,D90,4,0
1319,Audrey Ln+Indian Head Hwy,38.81847,-77.00061,10,8,15.9,2,P93 P94,6,0
13237,Congress Heights+Bus Bay T2,38.845093,-76.989731,8,6,101.3,1,C29,4,0
13347,Naylor Rd+Bay E,38.850391,-76.956612,4,4,161.3,1,D1X,2,0
13356,M St SE+New Jersey Av SE,38.876579,-77.004547,7,6,257.6,2,C31 C55,3,0
1336,Killebrew Dr+Heritage Dr,38.819103,-77.214371,1,1,376.0,1,F26,0,0
134,Livingston Rd+Ft Washington Rd,38.742771,-76.999046,1,1,192.0,1,P97,0,0
1340,Killebrew Dr+Heritage Dr,38.819134,-77.214516,2,2,275.0,1,F26,1,0
1341,Kennebec St+Deal Dr,38.819168,-76.993553,1,0,465.0,1,P93,0,0
1344,Kennebec St+Glassmanor Dr,38.819286,-76.992851,8,5,134.4,2,P93 P94,4,0
13445,1 St NW+National Rehabilitation Hosp,38.929691,-77.012283,16,13,199.8,3,C61 C63 D36,10,0
13452,Irving St NW+14 St NW,38.92873,-77.032959,11,7,284.4,2,C61 D74,7,0
13466,N H Burroughs Av NE+Division Av NE,38.898296,-76.925926,5,4,439.8,1,C31,3,0
13472,N H Burroughs Av NE+Division Av NE,38.898399,-76.926521,12,9,231.5,1,C31,9,1
13481,23 St NW+I St NW,38.900394,-77.05024,3,2,295.0,1,D74,1,0
13483,Rhode Island Av+Municipal Pl,38.936703,-76.96003,6,5,246.7,3,P10 P1X P40,2,0
135,Livingston Rd+Ft Washington Rd,38.742828,-76.999199,1,1,-110.0,1,P97,0,0
13529,Columbia Pk+Lincolnia Rd,38.836472,-77.157005,2,1,660.5,1,F26,0,0
13547,M St NW+Wisconsin Av NW,38.905224,-77.063232,5,2,510.4,1,A58,3,0
13571,Minnesota Av+Bay K,38.897846,-76.947334,8,6,361.0,1,D20,6,0
13577,Brookland-CUA+Bay H,38.93338,-76.993835,5,2,564.8,1,D34,3,0
13579,Brookland-CUA+Bay D,38.933228,-76.993965,6,5,167.8,2,D30 D74,2,0
13584,West Hyattsville+Bay E,38.955975,-76.968224,6,5,257.8,1,P33,2,0
13590,Highview Ter+#7002,38.976105,-76.963936,1,0,951.0,1,P33,0,0
13639,Fort Totten+Bay F,38.952324,-77.001389,4,2,523.8,1,C71,2,0
13640,Fort Totten+Bay E,38.952244,-77.001572,6,5,283.5,1,D30,4,0
13646,Fort Totten+Bay B,38.952259,-77.002785,2,2,44.0,1,D44,1,0
13651,Fort Totten+Bay D,38.952225,-77.001808,1,1,165.0,1,P16,0,0
13662,Riggs Rd+Edwards Wy,39.003826,-76.971596,3,2,52.3,1,P16,1,0
13666,Powder Mill Rd+High Point HS,39.043179,-76.943993,3,3,105.0,1,M44,1,0
13687,21 Pl NE+Maryland Av NE,38.904667,-76.973152,4,4,145.0,1,C43,2,0
13692,Maryland Av NE+Bladensburg Rd NE,38.900719,-76.982224,5,3,125.2,1,C43,3,0
13716,Takoma+Bay E,38.975544,-77.017197,3,3,85.3,1,C77,1,0
13735,Anacostia+Bay G,38.862022,-76.995346,6,6,78.3,1,C11,3,0
13758,Minnesota Av+Bay C,38.898239,-76.947243,7,6,7.3,1,C37,5,0
13759,Minnesota Av+Bay E,38.897968,-76.947433,7,7,72.1,1,C21,5,0
13762,33 St NE+Blaine St NE,38.891846,-76.960213,4,2,367.5,1,C33,2,0
13772,Capitol Heights+Bay C,38.889172,-76.913383,1,1,157.0,1,C57,0,0
13774,Ridge Rd SE+Anacostia Rd SE,38.888569,-76.951881,4,3,58.8,1,C37,2,0
13788,Anacostia+Bay M,38.862759,-76.995926,2,1,331.5,2,C25 C26,0,0
13790,Alabama Av SE+13 St SE,38.844921,-76.987175,7,6,187.1,1,C21,5,0
13818,Allentown Rd+Old Branch Av,38.803513,-76.907219,5,5,173.8,1,P87,3,0
13829,Everhart Pl+Haras Pl,38.810402,-76.962936,7,6,21.7,1,P96,5,0
13860,Audrey Ln+Eastover Shopping Ctr,38.818501,-77.001595,11,11,87.0,2,C13 C17,7,0
13915,Oxon Hill Rd+Livingston Rd,38.803284,-76.991745,5,5,170.0,1,P90,3,0
13920,Ft Washingtn P+R,38.724701,-76.994652,1,1,-112.0,1,P97,0,0
13930,Anacostia+Bay H,38.862095,-76.995575,9,6,341.4,1,C15,5,0
13933,Anacostia+Bay J,38.862213,-76.995773,6,6,148.8,1,C13,4,0
13964,Pentagon+Bay L5,38.868572,-77.054039,2,1,729.0,1,F29,1,0
1400,Irvington St SW+Ivanhoe St SW,38.820728,-77.008347,6,4,-107.7,2,C17 C27,3,0
1401,Indian Head Hwy+Southern Av,38.820778,-77.001022,5,2,226.8,2,C11 P97,2,0
14043,East Falls Church+Bay B,38.886784,-77.157005,10,10,51.0,2,F20 F26,7,0
14057,Army-Navy Dr+S Joyce St,38.865768,-77.061783,1,1,338.0,1,F44,0,0
14059,Braddock Rd+Bay B,38.813984,-77.053604,5,5,228.4,1,A1X,3,0
14069,S Walter Reed Dr+Columbia Pk,38.862095,-77.086876,6,5,287.7,1,A12,4,0
14082,East Falls Church+Bay C,38.886398,-77.156944,8,7,271.5,2,F20 F50,5,1
14084,East Falls Church+Bay D,38.886303,-77.156693,1,0,833.0,1,F50,0,0
14168,Tysons Corner Ctr+Parking Terrace C (Stop 1),38.916306,-77.220596,3,3,52.7,1,A70,0,0
14258,Pentagon+Bay U6,38.868916,-77.054008,5,5,47.4,1,A90,3,0
14261,Pentagon+Bay U5,38.868675,-77.054283,5,5,88.0,1,A27,3,0
14269,Joliet St SW+S Capitol Ter SW,38.820122,-77.00724,4,1,443.8,1,C17,2,0
14313,Pentagon+Bay U4,38.868652,-77.054398,4,4,49.0,1,A66,2,0
14322,Lake Dr+NVCC Annandale,38.834927,-77.23642,9,6,218.2,3,F23 F24 F26,4,0
14335,Pentagon+Bay L4,38.868492,-77.05407,2,2,112.5,1,F85,1,0
14342,S Stafford St+32 Rd S,38.836151,-77.085732,3,2,350.3,1,A25,2,0
14347,S Four Mile Run Dr+Columbia Pk,38.856281,-77.108238,3,2,223.0,1,A71,1,0
1436,Southern Av SE+S Capitol St SW,38.821587,-77.000999,6,3,407.0,1,C27,4,0
14393,Vienna+Bay K,38.877274,-77.271111,1,1,-74.0,1,F61,0,0
14396,Fair Oaks Mall,38.863785,-77.360497,4,4,110.3,2,F60 F61,1,0
1441,Southern Av+S Capitol St,38.821754,-77.000641,9,5,-115.9,3,C15 C27 P97,2,0
14440,Ballston+Bay D,38.881935,-77.11174,6,6,71.3,1,A12,4,0
1448,W Abingdon+Slaters Ln,38.821938,-77.044273,2,2,139.0,1,F19,0,0
14491,Seminary Rd+N Howard St,38.824162,-77.104881,7,5,59.4,1,F20,5,0
14503,Vienna+Bay J,38.877243,-77.270828,1,1,37.0,1,F24,0,0
1453,E Abingdon+Slaters Ln,38.822102,-77.043419,1,1,-52.0,1,F19,0,0
14544,Pentagon+Bay U2,38.868336,-77.054787,2,1,332.5,1,A11,1,0
14590,Columbia Pk+Carlin Springs Rd,38.853062,-77.122719,11,9,240.6,3,A49 F20 F44,5,0
14632,Suitland+Bay L,38.844467,-76.93187,5,5,178.4,1,P60,3,0
14636,County Rd+Foster St,38.855442,-76.898956,5,5,172.8,1,P60,3,0
14644,Shady Glen Dr+Walker Mill Rd,38.874615,-76.880981,4,2,164.5,1,P61,2,0
14662,58 Av+Emerson St,38.947178,-76.913086,17,14,218.7,1,P40,12,2
14682,Municipal Pl+Rhode Island Av,38.9366,-76.96003,6,3,589.2,1,C41,3,0
14683,Edmonston Rd+Annapolis Rd,38.939835,-76.934227,3,1,-161.0,1,P42,1,0
14691,Good Luck Rd+Lamont ES,38.974857,-76.883682,3,3,126.0,1,P42,1,0
14700,South Laurel P+R+Bay A,39.078323,-76.846832,1,0,578.0,1,P12,0,0
14722,Baltimore Av+Contee Rd,39.07584,-76.868774,1,1,67.0,1,P12,0,0
1475,Little River Tpk+Braddock Rd,38.822468,-77.16288,5,4,87.8,3,F23 F29 F85,1,0
14755,Capitol Heights+Bay B,38.889010999999996,-76.91346,4,3,286.5,1,D2X,2,0
14833,Mitchellville Rd+Harbour Wy,38.948452,-76.720535,2,2,76.0,1,P72,0,0
14835,Greenbelt+Bay D,39.011597,-76.910034,2,1,526.0,1,P21,0,0
1484,Little River Tpk+Braddock Rd,38.822533,-77.162056,6,4,-54.5,3,F23 F24 F85,2,0
14846,Prince Georges Bl+NASA Credit Union,38.882076,-76.722969,1,0,-192.0,1,P73,0,0
14864,Central Av+Six Flags,38.901276,-76.770302,2,0,-259.0,1,P73,0,0
14866,Kettering Dr+Herrington Dr,38.89584,-76.807205,3,1,-146.7,1,P73,1,0
14902,Downtown Largo+Bay C,38.899857,-76.845863,3,3,121.0,1,P72,1,0
14908,Kettering Dr+W Branch Dr,38.895924,-76.807022,2,2,314.0,1,P73,1,0
14910,Central Av+Six Flags,38.900921,-76.771416,4,4,304.0,1,P73,3,0
14922,Downtown Largo+Bay B,38.899723,-76.84599299999999,4,4,137.8,1,P63,2,0
14932,West Hyattsville+Bay D,38.956333,-76.968567,2,2,244.5,1,D34,1,0
14933,West Hyattsville+Bay F,38.956081,-76.967934,4,3,311.0,1,P32,2,0
14936,Takoma+Bay D,38.975769,-77.017212,2,2,19.5,1,P42,0,0
1495,N Howard St+Alexandria Hosp,38.822887,-77.103844,2,2,167.0,1,A25,0,0
14958,Glenarden Pkwy+ML King Jr Hwy,38.932789,-76.867149,4,4,41.5,1,P61,2,0
14966,Naylor Rd+Bay B,38.850967,-76.955948,6,5,153.5,1,C35,4,0
14973,Addison Rd+Bay E,38.886318,-76.895767,8,8,57.9,1,P60,4,0
14974,Capitol Heights+Bay A,38.888802,-76.913452,3,3,147.7,1,P63,1,0
14991,East-West Hwy+New Hampshire Av,38.975212,-76.993584,9,7,167.9,1,P30,7,0
15001,Queensbury Rd+44 Pl,38.96323,-76.940491,6,2,427.3,2,P30 P35,4,0
15038,Temple Hill Rd+Carlton Av,38.822109,-76.949806,3,1,-70.0,1,P96,2,0
15043,Naylor Rd+Bay D,38.850616,-76.956688,1,1,203.0,1,C27,0,0
15073,Old Marlboro Pk+#8411,38.833961,-76.86161799999999,2,2,85.0,1,P66,1,0
15087,Pennsylvania Av SE+Ft Davis St SE,38.865135,-76.950371,4,3,335.8,1,C21,2,0
15104,Avenue Apt Rdwy+Surrey Service Ln,38.846169,-76.89949,6,5,20.8,1,P66,4,0
15117,Forestville Rd+Rena Rd,38.829063,-76.878403,4,2,356.5,1,P62,2,0
15127,Suitland+Bay K,38.844658,-76.932137,5,5,9.8,2,P61 P66,3,0
15128,Donnell Dr+Pennsylvania Av,38.844597,-76.88488,2,0,199.0,1,P66,1,0
15129,Donnell Dr+Pennsylvania Av,38.84465,-76.88459,3,2,207.0,2,P62 P66,0,0
15133,Beltway Plz+Main Rdwy In Frt Of Stores,38.998562,-76.907608,6,5,218.3,1,P20,2,0
15142,Deanwood+Bay C,38.907768,-76.935226,3,2,399.3,1,P14,1,0
1516,6 St SE+Southern Av SE,38.823139,-76.999481,10,9,55.7,2,C13 C15,6,0
15166,Kenilworth Av+East-West Hw,38.959858,-76.919762,5,5,171.2,2,P14 P35,3,0
15180,Cipriano Rd+Tuckerman St,38.97683,-76.854599,4,2,660.3,1,P24,2,0
15185,Cipriano Rd+Tuckerman St,38.97694,-76.854454,6,4,398.0,1,P24,4,0
15189,Greenbelt+Bay E,39.011486,-76.910149,3,3,50.7,1,P20,1,0
15198,Brooks Dr+Penn Av,38.861069,-76.917458,1,1,381.0,1,P61,0,0
15226,Brooke Rd+Rollins Av,38.86747,-76.908218,4,3,202.3,1,P62,2,1
15230,16 St NW+Portal Dr NW,38.991402,-77.036484,9,7,-9.4,1,D6X,7,0
15231,16 St NW+Eastern Av NW,38.991699,-77.036095,7,5,264.0,1,D6X,5,1
15235,7 St NW+H St NW,38.899567,-77.021843,16,14,102.7,2,D40 D4X,12,1
15236,Georgia Av NW+New Hampshire Av NW,38.93705,-77.024254,17,12,317.9,3,D40 D4X D74,10,1
15251,University Bl+15 Av,38.985355,-76.981491,4,4,149.8,1,M12,2,0
15295,Marinelli Rd+Rockville Pk,39.047523,-77.111893,4,4,114.5,1,M42,2,0
15313,Glenmont+Bay F,39.061855,-77.052559,7,2,407.4,2,M42 M44,4,0
1532,N Van Dorn St+Sanger Av,38.823612,-77.124008,2,2,71.5,1,A27,0,0
15361,East-West Hwy+Grubb Rd,38.993622,-77.052254,7,5,187.9,1,M70,5,1
15362,Bethesda+Bay C,38.984371,-77.094917,14,11,535.5,1,M70,10,2
15374,Takoma+Bay F,38.975346,-77.017181,3,3,51.0,1,C75,1,0
15389,Bethesda+Bay B,38.984337,-77.0952,5,4,158.2,1,M22,3,0
15403,Fort Totten+Bay A,38.952278,-77.003021,7,6,188.6,2,M60 M6X,4,0
15406,Wheaton+Bay A,39.037354,-77.050751,8,6,129.9,2,M20 M22,4,0
15409,Friendship Heights+Bay K,38.961529,-77.085968,8,5,384.0,2,C83 D96,4,0
1545,N Van Dorn St+Richenbacher Av,38.824028,-77.12307,1,1,13.0,1,A28,0,0
15466,River Rd+Burdette Rd,38.989861,-77.152267,2,1,298.0,1,M82,0,0
15495,Falls Rd+Glenolden Rd,39.018757,-77.208542,1,0,585.0,1,M82,0,0
15537,Colesville Rd+University Bl,39.020657,-77.012634,5,4,228.0,2,M52 M54,2,0
1563,Seminary Rd+N Howard St,38.824303,-77.104774,6,6,218.0,1,F20,3,0
15769,Riggs Rd+Edwards Wy,39.003975,-76.971428,1,1,56.0,1,P16,0,0
16123,Georgia Av NW+Eastern Av NW,38.984337,-77.026619,11,10,12.5,2,D40 D4X,7,0
16136,Wheaton+Bay E,39.038078,-77.051102,9,5,271.1,2,M20 M22,5,0
16182,Branch Av SE+Pennsylvania Av SE,38.869629,-76.96051,6,3,2.7,1,C35,4,0
16203,14 St NW+Irving St NW,38.928444,-77.032646,11,9,407.6,2,D50 D5X,7,1
16242,St George Bl+Waterfront St,38.782234,-77.014107,15,12,261.5,3,C11 P90 P94,7,0
1627,Patriot Dr+Americana Dr,38.825714,-77.219254,5,5,101.0,1,F44,3,0
16305,Regency Pkwy+Andrew Jackson MS,38.841682,-76.909218,2,1,1027.0,1,P87,1,1
16309,Regency Pkwy+Andrew Jackson MS,38.841587,-76.909164,2,1,-57.0,1,P87,1,0
16320,Hyattsville Crossing+Bay C,38.965183,-76.956146,5,5,181.0,2,P32 P33,2,0
16321,Hyattsville Crossing+Bay A,38.965103,-76.955704,4,4,193.3,1,M12,2,0
16323,Hyattsville Crossing+Bay D,38.965134,-76.956436,10,8,129.4,3,P10 P30 P35,5,0
16331,Surrey Square Ln+Berkshire ES,38.845924,-76.899918,2,2,27.0,1,P66,0,0
16340,Anacostia+Bay A,38.862236,-76.996185,9,6,87.4,1,C31,6,0
16342,Hyattsville Crossing+Bay B,38.965115,-76.955948,4,4,50.3,1,M44,2,0
16419,S Washington St+Hunting Pt,38.792759,-77.049599,1,0,439.0,1,A12,0,0
16442,Shirlington+Bay A,38.839428,-77.087227,3,2,203.0,2,A12 A66,1,0
16448,Shirlington+Bay D,38.839413,-77.087486,3,2,398.0,1,A71,1,0
16456,Shirlington+Bay C,38.839348,-77.08754,10,8,266.0,2,A27 A66,5,1
16459,Shirlington+Bay B,38.839226,-77.087509,8,7,323.1,2,A27 A71,5,0
16660,Pennsylvania Av NW+7 St NW,38.893593,-77.022583,5,5,88.8,1,D10,4,0
1672,Braddock Rd+Tapestry Dr,38.826683,-77.294586,1,1,381.0,1,F29,0,0
16808,New Hampshire Av NW+Georgia Av NW,38.93578,-77.024551,5,2,128.0,2,C63 D44,2,0
16906,Alabama Av SE+13 St SE,38.844646,-76.989113,9,3,234.1,2,C21 C27,5,0
16908,Congress Heights+Bus Bay T3,38.84531,-76.989281,4,2,-140.3,1,C27,2,0
16909,10 St NW+Constitution Av NW,38.892456,-77.026176,6,5,183.7,1,D44,4,0
16921,R St NW+7 St NW,38.912628,-77.022675,4,1,706.3,1,D32,2,0
16955,Wheaton+Bay B,39.037552,-77.05085,3,1,117.3,1,M12,1,0
16959,Mission Dr+Greenbelt Rd,38.99099,-76.823761,1,1,-47.0,1,P24,0,0
1697,Southview Dr+Southview Ct,38.827187,-76.989784,6,4,372.0,2,P93 P94,2,0
1701,Southview Dr+Southview Ct,38.827286,-76.990364,7,7,119.0,2,P93 P94,4,0
17010,Georgia Av-Petworth+Bay B,38.937023,-77.024544,12,10,157.6,3,D40 D4X D74,6,0
17155,Baltimore Av+Contee Rd,39.075516,-76.868881,1,1,-56.0,1,P12,0,0
17209,Suitland+Bay H,38.844913,-76.932404,3,3,99.0,1,P90,1,0
1721,Overlook Av SW+Magazine Av SW,38.827862,-77.017418,4,3,316.0,1,C27,2,0
17229,Mahan Rd+FDA,39.034748,-76.983528,1,1,82.0,1,M6X,0,0
1723,St Barnabas Rd+Stamp Rd,38.827908,-76.943832,6,6,121.5,1,P90,4,0
17292,N George Mason Dr+N Pershing Dr,38.872074,-77.108505,4,3,-73.0,1,A71,2,0
17293,N George Mason Dr+Pershing Dr,38.871796,-77.108482,2,2,10.0,1,A71,1,0
17373,Ridge Rd+Ivy Ln,39.007534,-76.8908,1,1,126.0,1,P21,0,0
17396,Rockville+Bay A,39.085068,-77.146591,3,3,151.7,1,M82,2,0
17417,Marion Barry Av SE+14 St SE,38.866901,-76.98542,11,9,249.8,2,C15 C53,7,0
1742,St Barnabas Rd+Holly Tree Dr,38.828266,-76.943176,9,6,330.7,1,P90,7,0
17576,Virginia Av NW+E St NW,38.895908,-77.047562,6,5,289.5,2,D74 D82,3,0
17585,Massachusetts Av NE+Columbus Cir NE,38.895962,-77.005112,4,1,1068.8,1,D24,2,0
1760,Seminary Rd+N Kenmore Av,38.828632,-77.110947,1,1,-18.0,1,A28,0,0
17640,Seven Corners+Bay A,38.87085,-77.152985,12,12,135.7,1,F20,7,0
17642,Seven Corners+Bay B,38.870785,-77.152733,1,1,-49.0,1,A58,0,0
17655,Georgia Av-ICC P+R+Bus Shelter,39.116646,-77.076012,2,2,59.5,1,M20,0,0
17662,M St SW+4 St SW,38.876549,-77.018127,4,4,-0.8,1,D50,2,0
1782,Little River Tpk+John Marr Dr,38.82925,-77.189484,4,2,366.5,3,F23 F24 F85,1,0
1784,Little River Tpk+John Marr Dr,38.829308,-77.188461,3,2,635.7,3,F23 F24 F85,0,0
1793,Heritage Dr+McWhorter Pl,38.829876,-77.210426,1,1,158.0,1,F85,0,0
1798,Mt Vernon Av+Raymond Av,38.829945,-77.059402,9,4,376.8,2,A11 A12,5,0
18082,8 St SE+L St SE,38.877819,-76.994942,10,6,452.1,1,C53,7,2
18139,37 St NW+O St NW,38.907368,-77.07164,5,4,225.8,1,C91,3,0
18157,S Courthouse Rd+2 St S,38.871391,-77.081711,2,2,-31.0,1,A49,0,0
18165,Bisdorf Dr+Bisdorf Bldg,38.840904,-77.115623,6,5,170.8,1,A76,1,0
18197,14 St NW+Irving St NW,38.929134,-77.032516,14,9,261.8,2,D50 D5X,10,0
18201,F St NW+13 St NW,38.897434,-77.029274,8,7,187.8,1,D5X,5,0
18202,F St NW+12 St NW,38.897442,-77.027878,5,5,85.8,1,D34,3,0
18204,Pentagon+Bay U13,38.869686,-77.05291,1,1,49.0,1,A28,0,0
18212,Brookland-CUA+Bay J,38.933224,-76.993752,11,7,266.8,2,D30 D74,7,1
18216,Mark Center+Bay 1,38.831497,-77.11747,6,6,78.7,1,A90,4,0
1822,Mt Vernon Av+Hume Av,38.830574,-77.05938,7,5,165.6,2,A11 A12,3,0
18225,DC Village Ln SW+Shepherd Pw Division,38.815823,-77.014259,4,2,371.3,1,C27,2,0
18246,8 St SE+L St SE,38.877296,-76.995033,9,4,321.3,1,C53,6,1
18262,M St SE+New Jersey Av SE,38.876385,-77.003731,1,0,-249.0,1,C55,0,0
18342,Indian Head Hwy+Audrey Ln,38.819141,-76.999718,1,0,675.0,1,C11,0,0
18363,Nebraska Av NW+Ward Cir NW,38.938671,-77.085358,4,4,111.0,1,C81,3,0
18369,Kenilworth Ter NE+Hayes St NE,38.900661,-76.947685,6,3,362.7,1,C35,2,0
18371,K St NW+N Capitol St NW,38.902576,-77.009506,1,1,-22.0,1,D36,0,0
18378,K St NE+N Capitol St NE,38.902443,-77.00882,4,1,752.5,1,D36,1,0
18390,M St SE+S Capitol SE,38.87656,-77.008469,5,3,-95.0,1,C11,2,0
18418,New Hampshire Av+Northampton Dr,39.006496,-76.980423,2,1,-60.5,1,M6X,0,0
18419,New Hampshire Av+Northampton Dr,39.006542,-76.980164,2,2,156.0,1,M6X,1,0
18423,Mahan Rd+New Hampshire Av,39.034355,-76.984825,2,2,175.5,1,M6X,1,0
18424,Mahan Rd+New Hampshire Av,39.034088,-76.984917,1,1,86.0,1,M6X,0,0
18521,Waples Mill Rd+Fairfax Bl,38.856773,-77.335999,2,1,655.0,1,F61,1,0
18528,Waples Mill Rd+Fairfax Bl,38.856739,-77.335686,1,1,357.0,1,F61,0,0
18540,McLean+Bay A,38.92445,-77.209656,3,2,240.3,1,A70,2,0
18543,Pickett Rd+Arlington Bl,38.864304,-77.27003500000001,3,2,361.0,1,F50,1,0
18544,Pickett Rd+Arlington Bl,38.864239,-77.270302,8,4,736.0,2,F24 F50,5,1
18608,Eastern Av NE+Michigan Av NE,38.945908,-76.977203,8,7,186.1,2,D34 P42,4,0
18623,Vienna+Bay H,38.877129,-77.270561,1,1,285.0,1,F50,0,0
18676,Stadium Dr+Smith Center,38.991753,-76.950249,10,7,-27.5,2,P31 P32,7,0
18683,Eastover Ctr+Dollar Tree,38.817604,-77.003448,5,1,77.0,2,P93 P94,2,0
18686,Dolley Madison Bl+Colshire Dr,38.924652,-77.20845,1,1,197.0,1,A70,0,0
18723,Braddock Rd+Bay A,38.814102,-77.053436,5,4,184.4,1,A12,3,0
18771,Pointer Ridge Dr+Penn Manor Ln,38.902489,-76.733849,1,1,163.0,1,P72,0,0
18773,Suitland+Bay M,38.844276,-76.931656,5,5,200.8,1,P94,3,0
18782,Hall Rd+Central Av,38.901058,-76.732422,3,1,-197.3,1,P73,0,0
18786,Arlington Bl+Williams Dr,38.865646,-77.234276,5,4,330.8,1,F61,3,0
18788,Dunn Loring+Bay E,38.882381,-77.229347,4,2,1101.5,1,F50,2,0
1879,King St+Menokin Dr,38.831684,-77.094101,1,1,134.0,1,A25,0,0
18790,Dunn Loring+Bay G,38.882263,-77.22979,1,1,225.0,1,F62,0,0
18819,Wilmot Wy+INOVA Hospital Gray Entrance,38.856373,-77.228088,9,5,293.8,2,F60 F61,5,0
18827,Little River Tpk+Oasis Dr,38.817852,-77.141632,7,6,85.0,3,F23 F24 F29,3,0
18838,3 St SE+#4501,38.825111,-77.001495,5,5,328.6,1,C13,3,0
18855,Massachusetts Av NE+Constitution Av NE,38.892216,-76.996399,4,1,719.8,1,C51,2,0
18878,Southern Av+Bay P,38.840191,-76.975945,6,6,105.3,2,P93 P94,1,0
18893,Minnesota Av+Bay N,38.897675,-76.947021,11,7,151.3,2,C31 C35,7,2
18907,Silver Spring+Bay 220,38.993412,-77.030113,6,5,168.7,1,D40,4,0
18909,Silver Spring+Bay 221,38.993317,-77.029961,3,3,127.0,1,D4X,1,0
18911,Silver Spring+Bay 223,38.993607,-77.030151,5,5,115.0,1,P30,3,0
18912,Silver Spring+Bay 102,38.993565,-77.030418,6,6,82.3,1,M70,4,0
18914,Silver Spring+Bay 104,38.993225,-77.030006,7,7,82.0,1,D6X,5,0
18918,Silver Spring+Bay 103,38.993366,-77.03019,4,4,114.5,1,D60,2,0
18928,Wisconsin Av NW+Newark St NW,38.934261,-77.072548,2,0,369.5,1,C51,0,0
18938,Potomac Av SE+14 St SE,38.880634,-76.985405,12,11,136.3,2,C15 C37,8,0
18951,Bryant St NW+#301,38.920624,-77.016037,5,5,12.0,1,C91,3,0
18954,Silver Spring+Bay 219,38.993637,-77.030388,6,5,148.8,1,M20,4,0
1901,King St Serv Rdwy+Menokin Dr,38.832001,-77.094353,1,1,205.0,1,A25,0,0
1904,S Capitol St SE+Atlantic St SE,38.832096,-77.00798,4,4,110.5,1,C11,2,0
19044,Potomac Av+E Reed Av,38.842838,-77.051323,7,5,289.6,1,A1X,5,1
19046,Crystal City Transitway+S Glebe Rd,38.842861,-77.051445,9,8,166.1,1,A1X,6,0
19052,Branch Av+Bay H,38.826927,-76.912529,2,2,-19.0,1,P62,0,0
19053,Silver Spring+Bay 113,38.993992,-77.030212,1,1,195.0,1,M52,0,0
1906,John Marr Dr+Columbia Pk,38.832085,-77.1894,3,2,237.0,1,F44,1,0
19082,Montgomery Mall+Bay F,39.025719,-77.142471,4,2,353.5,1,M70,2,0
19083,Eisenhower Av+Hoffman St,38.801163,-77.071404,3,2,212.7,1,F1X,1,0
19088,Yoakum Pkwy+Edsall Rd,38.808647,-77.138992,2,2,84.5,1,A28,1,0
19126,Stevenson Av+S Van Dorn St,38.811657,-77.132645,2,2,202.5,1,A28,1,0
1913,S Capitol St SW+ML King Jr Av SW,38.832237,-77.008247,5,2,386.6,1,C11,3,0
19137,Arlington Bl+Williams Dr,38.865421,-77.234535,3,1,374.0,2,F60 F61,0,0
19141,Georgia Av NW+Florida Av NW,38.916931,-77.021835,15,11,156.1,2,D40 D4X,11,2
19154,Maryland Av NE+Morse St NE,38.900528,-76.982498,4,4,72.8,1,C43,2,0
19166,Georgia Av-Petworth+Bay C,38.936783,-77.024467,4,4,81.0,2,C75 D74,1,0
1927,Southern Towers Rd+Sherwood Bldg,38.832523,-77.114258,15,13,193.5,4,A27 A29 A76 F20,9,1
19277,Takoma Langley+Bay A,38.989895,-76.988525,19,15,137.6,3,M12 M60 M6X,14,2
19278,Takoma Langley+Bay G,38.989807,-76.987747,9,8,135.0,2,M60 M6X,5,1
19282,Takoma Langley+Bay C,38.989677,-76.988205,2,2,275.0,1,P31,1,0
19285,Takoma Langley+Bay D,38.99007,-76.988182,7,6,67.6,1,M12,5,0
19308,Rhode Island Av-Brentwood+Bay A,38.920532,-76.995911,3,3,111.7,1,D74,2,0
19310,Rhode Island Av-Brentwood+Bay C,38.92017,-76.996094,4,3,621.8,1,P40,2,0
19311,Rhode Island Av-Brentwood+Bay D,38.920002,-76.996185,4,4,173.3,1,P1X,2,0
19312,Rhode Island Av-Brentwood+Bay E,38.919827,-76.996231,4,4,55.5,1,P10,2,0
1932,Americana Dr+Heritage Dr,38.832584,-77.211914,2,0,14.0,1,F85,1,0
19337,9 St NW+F St NW,38.89753,-77.024078,4,4,198.0,1,D94,2,0
19339,H St NW+7 St NW,38.899715,-77.021393,18,14,185.4,4,D20 D2X D34 D36,11,0
19344,Crystal City+Bay D,38.858109,-77.051193,4,4,164.8,1,A1X,2,0
1937,Southern Towers Rd+Sherwood Bldg,38.83268,-77.114525,6,4,325.8,3,A27 A76 F20,2,0
1963,Iverson St+23 Pkwy,38.833138,-76.959465,5,4,99.2,2,P93 P94,1,0
1973,Iverson St+23 Pkwy,38.833305,-76.959602,6,5,170.0,2,P93 P94,3,0
198,Ft Foote Rd+Sandy Bar Dr,38.758915,-77.023354,2,2,207.5,1,P97,1,0
200,Ft Foote Rd+Ivanhoe Rd,38.759033,-77.023491,2,2,137.5,1,P97,0,0
20426,Ammendale Rd+Virginia Manor Rd,39.056358,-76.90345,2,2,134.5,1,P12,1,0
20434,Ammendale Rd+#5801,39.056526,-76.903343,1,1,110.0,1,P12,0,0
20464,Oxon Hill P+R+Bay D,38.798691,-77.000984,28,24,127.9,3,C11 P94 P97,15,0
20466,Minnesota Av SE+Pennsylvania Av SE,38.874023,-76.970474,5,2,62.4,1,C31,3,0
20469,Forestville Rd+Rena Rd,38.82819,-76.878654,1,1,191.0,1,P62,0,0
20502,Old Keene Mill Rd+Rolling Rd,38.779022,-77.234749,2,1,651.5,1,F81,1,0
2052,University Dr+George Mason Bl,38.835274,-77.309303,6,6,93.7,3,F23 F29 F50,2,0
20522,C St NE+18 St NE,38.893391,-76.978767,6,5,255.7,1,D24,4,0
20533,Falls Rd+Falls Chapel Wy,39.050079,-77.188393,2,0,828.5,1,M82,0,0
2119,Little River Tpk+Lake Dr,38.836185,-77.234962,3,2,788.3,1,F24,1,0
2141,Columbia Pk+Lincolnia Rd,38.836609,-77.157097,5,5,112.8,2,F26 F44,2,0
21544,Georgia Av+Jesup Blair Rd,38.985603,-77.02655,15,10,255.3,2,D40 D4X,11,2
21551,Eisenhower Av+Hoffman St,38.801449,-77.071701,6,6,129.8,1,F1X,4,0
21557,Suitland+Bay J,38.84481,-76.932266,4,4,222.3,1,P96,2,0
21558,Twinbrook+Bay A,39.06229,-77.120102,3,3,237.3,1,M12,1,0
21559,Fort Totten+Bay K,38.952629,-77.003067,4,3,430.0,1,C77,2,1
21562,Fort Totten+Bay C,38.952198,-77.002594,2,1,296.0,1,C81,1,0
21603,Rosslyn+Bay B,38.896347,-77.07164,2,2,72.0,1,A76,1,0
21604,Rosslyn+Bay C,38.89584,-77.071609,6,6,264.3,1,A58,3,0
21622,P St NW+20 St NW,38.909611,-77.045036,8,5,334.0,2,C91 D94,5,0
21623,Western Av+Pinehurst Circle,38.97583,-77.066483,7,7,200.9,2,C83 C85,4,0
21629,Huntington (N)+Bay B,38.795238,-77.075058,2,2,82.0,1,A11,1,0
21644,West Falls Church+Bay E,38.899578,-77.188957,5,3,173.4,1,F20,3,0
21656,New York Av NW+9 St NW,38.901779,-77.02462,5,3,127.0,1,D80,3,0
21699,Southern Av+Bay N,38.84026,-76.975853,1,1,68.0,1,P97,0,0
21701,Tysons+Bay G,38.919834,-77.222527,8,8,91.9,1,F20,6,0
21702,Baltimore Av+Van Buren St,38.970085,-76.938179,7,4,215.4,2,P10 P1X,3,0
21710,Southern Av+Bay Q,38.840038,-76.976166,3,0,-203.3,2,P93 P94,0,0
21715,Southern Av+Bay C,38.840565,-76.975945,3,2,199.7,1,C15,1,0
21716,Richmond Hwy+Mt Vernon Hwy,38.717621,-77.130951,1,1,379.0,1,F1X,0,0
21717,Richmond Hwy+Jeff Todd Wy,38.717529,-77.131683,3,3,101.3,1,F1X,1,0
21730,Ft Belvoir Commissary,38.723396,-77.150948,3,1,417.7,1,F1X,1,0
21740,Crystal Dr+18 St S,38.857929,-77.049118,6,6,107.0,1,A1X,4,0
21746,Rhode Island Av NE+3 St NE,38.91925,-77.00235,3,0,681.7,1,D32,2,0
21769,Seven Corners+Bay C,38.870644,-77.152519,19,13,312.7,4,F26 F60 F61 F62,9,0
21776,Wisconsin Av NW+Albemarle St NW,38.948109,-77.079849,9,8,162.6,1,D80,7,0
21781,Massachusetts Av NW+20 St NW,38.910191,-77.045128,13,7,367.4,3,D74 D90 D96,7,1
21786,H St NW+Madison Pl NW,38.900139,-77.035378,23,17,199.3,4,D10 D72 D80 D94,15,0
21788,Pennsylvania Av NW+7 St NW,38.89328,-77.022278,6,3,520.5,1,D10,4,1
21789,9 St NW+Constitution Av NW,38.892773,-77.023827,13,13,108.4,2,D40 D4X,9,0
21810,Old Dominion Drive+Whittier Av,38.931862,-77.174133,4,3,276.3,1,A70,2,0
21817,Old Dominion Dr+Chesterbrook Ctr,38.920292,-77.151588,4,4,80.0,1,A70,2,0
21834,Ft Belvoir Community Hospital,38.704941,-77.14151,7,5,102.9,1,F1X,3,0
21837,Queensbury Rd+Baltimore Av,38.963024,-76.939629,8,5,48.4,2,P30 P35,5,0
21856,ML King Jr Hwy+Belle Haven Dr,38.916527,-76.882347,5,4,205.0,1,P60,2,0
21916,Nebraska Av NW+Fort Dr NW,38.952091,-77.073891,3,3,245.0,1,C81,1,0
21966,14 St NW+I St NW,38.901138,-77.031807,11,8,72.7,2,D50 D5X,7,0
21984,Brookland-CUA+Bay E,38.933392,-76.993973,4,4,200.0,1,D34,3,0
21996,Benning Rd SE+A St SE,38.888538,-76.937103,9,7,231.1,1,C21,6,1
22006,Takoma+Bay B,38.97604,-77.017052,2,2,69.0,1,D5X,1,0
22008,10 St NW+Pennsylvania Av NW,38.893387,-77.026115,6,6,182.5,1,D30,4,0
2232,Wheeler Rd SE+Mississippi Av SE,38.838406,-76.993576,10,7,250.0,2,C13 C27,6,1
2235,Iverson St+Iverson Mall,38.838436,-76.948799,6,4,89.5,3,P93 P94 P96,1,0
2241,Wheeler Rd SE+Mississippi Av SE,38.838654,-76.993469,9,5,-73.6,2,C13 C27,4,0
2243,Iverson St+Iverson Mall,38.838585,-76.948914,7,6,82.9,3,P93 P94 P96,3,0
2249,Fillmore Av+Bisdorf Dr,38.838772,-77.116653,5,3,404.6,1,F20,3,0
2299,S 28 St+King St,38.840092,-77.105682,6,5,336.7,1,A27,4,0
2301,S 28 St+King St,38.840141,-77.105408,7,6,194.9,1,A27,5,1
2368,Mt Vernon Av+Executive Av,38.841911,-77.063469,5,3,184.8,2,A11 A12,1,0
2381,Mt Vernon Av+Executive Av,38.842228,-77.063774,5,3,154.4,2,A11 A12,2,0
2425,Main St+Stone Wall Av,38.843338,-77.289513,1,1,-20.0,1,F23,0,0
2433,ML King Jr Av SE+5 St SE,38.843472,-76.999031,4,1,-247.0,1,C21,2,0
2436,Main St+Stone Wall Av,38.843578,-77.289261,2,1,13.0,1,F23,0,0
2500,ML King Jr Av SE+Malcolm X Av SE,38.844856,-76.997498,17,12,124.5,3,C11 C13 C15,10,1
2510,Malcolm X Av SE+ML King Jr Av SE,38.845074,-76.997719,4,1,62.3,1,C21,2,0
2515,Malcolm X Av SE+Oakwood St SE,38.845108,-76.999535,12,11,272.4,1,C17,8,0
2536,ML King Jr Av SE+Malcolm X Av SE,38.845352,-76.997246,18,13,230.4,3,C11 C13 C15,11,0
2591,Leesburg Pk+S Jefferson St,38.846329,-77.118431,7,6,146.1,2,A66 A76,3,0
2592,Leesburg Pk+S Jefferson St,38.846355,-77.11927,10,8,251.5,2,A66 A76,6,1
2609,Alabama Av SE+Stanton Rd SE,38.846725,-76.980736,10,6,315.5,2,C21 C29,6,0
2615,Alabama Av SE+Stanton Rd SE,38.846806,-76.980927,10,7,184.8,2,C21 C29,6,1
2633,Stanton Rd SE+Alabama Av SE,38.847218,-76.980362,5,3,271.4,2,C25 C26,1,0
2705,S Jefferson St+Crossroads Ctr,38.848553,-77.11821,7,4,294.1,1,A40,4,1
2708,S Jefferson St+Leesburg Pike Plz,38.848606,-77.117989,7,7,133.1,1,A40,5,0
27605,Okie St NE+16 St NE,38.915653,-76.981194,2,0,605.0,1,C71,0,0
27613,S Hayes St+12 St S,38.862766,-77.059746,13,9,308.2,3,A27 A40 A66,8,0
27664,9 St NW+G St NW,38.898632,-77.024071,5,3,282.0,1,D2X,3,0
27665,D St SW+6 St SW,38.884926,-77.020477,7,7,105.7,1,C11,5,0
27674,GW Memorial Pw+Thornton Wy,38.792484,-77.049965,1,0,-165.0,1,F19,0,0
27710,East-West Hwy+New Hampshire Av,38.975468,-76.994759,4,2,216.8,1,P30,2,0
27712,Pentagon+Bay L3,38.868332,-77.054276,2,2,120.0,1,F81,0,0
27714,Washington Bl+N Quincy St,38.886066,-77.108528,6,3,538.0,1,A58,4,0
27716,Pentagon City+Bay B,38.8624,-77.059341,9,9,156.9,1,A40,7,0
27717,Pentagon City+Bay C,38.862625,-77.059303,9,9,84.8,2,A1X A27,6,0
27760,Huntington Av+West Entrance,38.795639,-77.07412,1,0,504.0,1,F1X,0,0
27784,Rhode Island Av NE+8 Pl NE,38.92131,-76.995598,2,1,398.0,1,D36,1,0
27817,Plum Orchard Dr+Adventist Medical Ctr #1,39.050659,-76.956474,8,7,59.9,2,M60 P16,4,0
27842,Van Dorn St Station+Bay G,38.800041,-77.128227,5,4,220.4,2,A27 A29,3,0
27865,Rosslyn+Bay D,38.895683,-77.071617,5,5,77.0,1,F62,4,0
27874,West Falls Church+Bay F,38.899433,-77.188805,2,2,84.5,1,F20,0,0
27882,Ballston+Bay K,38.882332,-77.112473,4,2,546.3,1,A76,2,0
27937,Huntington Av+Metroview Pkwy,38.796295,-77.07486,2,2,249.0,1,F1X,0,0
27938,Bladensburg Rd NE+H St NE,38.900364,-76.983353,5,4,271.4,1,C41,3,0
27939,K St NW+13 St NW,38.902443,-77.030373,5,5,74.8,1,D60,3,0
27966,H St NW+7 St NW,38.899876,-77.021431,21,12,300.7,4,D20 D2X D34 D36,14,1
27969,Fort Totten+Bay J,38.952297,-77.000694,5,5,189.0,2,P32 P35,2,0
27973,Greenbelt+Bay B,39.012024,-76.909752,1,1,43.0,1,P12,0,0
27977,West Hyattsville+Bay B,38.956417,-76.968239,6,6,125.3,1,C41,4,0
27979,Braddock Rd+Bay C,38.813847,-77.053673,4,3,373.5,1,A11,2,0
27980,Stevenson Av+S Whiting St,38.812866,-77.135963,1,1,-49.0,1,A28,0,0
28003,Hyattsville Crossing+Bay H,38.965439,-76.955757,4,4,41.3,2,P32 P35,1,0
28011,King Street-Old Town+Bay B,38.806519,-77.060577,5,3,775.6,2,F23 F24,2,0
28019,King Street-Old Town+Bay C,38.80637,-77.060799,6,6,151.3,1,F20,4,0
28020,King St-Old Town+Bay J,38.806274,-77.060547,5,5,77.6,1,P90,3,0
28050,King St-Old Town+Bay K,38.806149,-77.060738,8,7,171.0,1,F1X,5,0
28055,Ballston+Bay G,38.882099,-77.110886,4,4,213.5,1,A71,2,0
28057,Ballston+Bay H,38.882179,-77.110786,4,4,80.8,1,A70,2,0
28070,Indian Head Hwy Svc Rd+Wilson Towers Apt,38.782734,-76.99826,3,1,220.0,1,P96,1,0
28080,17 St NW+K St NW,38.902328,-77.03933,9,7,264.4,1,D72,7,0
28081,4 St NE+Adams St NE,38.921173,-77.000458,5,2,862.0,1,D36,3,0
28088,D St SW+6 St SW,38.884773,-77.02047,5,4,215.0,1,C55,3,0
28090,6 St NW+Massachusetts Av NW,38.901855,-77.02002,1,1,-113.0,1,D90,0,0
28103,Ballston+Bay E,38.882023,-77.111282,10,9,102.3,2,A58 A76,5,0
2812,12 Pl SE+Jasper Rd SE,38.851231,-76.985245,9,6,247.1,2,C25 C26,3,0
28120,College Park+Bay G,38.977905,-76.927773,4,3,349.5,1,P31,1,0
28121,College Park+Bay F,38.978024,-76.927582,2,2,117.5,1,P10,1,0
28122,College Park+Bay B,38.977818,-76.927177,1,1,14.0,1,M42,0,0
28123,College Park+Bay A,38.977699,-76.927368,5,5,-18.8,1,P14,2,0
28130,Ballston+Bay F,38.882053,-77.111015,5,5,192.8,2,F60 F61,2,0
28131,Ballston+Bay A,38.881382,-77.111603,9,9,139.9,2,A58 A70,6,0
28132,Crystal City+Bay E,38.857674,-77.052185,7,7,85.3,1,A40,5,0
28142,19 St NW+Virginia Av NW,38.893845,-77.043602,2,1,697.0,1,A49,1,0
28144,Minnesota Av+Bay M,38.897892,-76.947128,4,4,30.3,1,C35,2,0
28145,Landover+Bay D,38.933414,-76.890884,4,4,47.8,1,P41,2,0
28155,Eastern Av NE+Rittenhouse St NE,38.965164,-77.001991,2,2,114.0,1,M6X,0,0
28157,4 St NE+Rhode Island Av NE,38.919945,-77.000671,4,4,147.0,1,D34,2,0
28170,Stadium Dr+Denton Hall,38.991863,-76.949951,10,7,125.0,2,P31 P32,6,0
28177,Pennsylvania Av SE+8 St SE,38.884514,-76.995392,9,8,47.1,2,C55 D1X,5,0
28185,Ruby Lockhart Dr+Campus Wy N,38.92284,-76.846306,11,10,65.9,1,P41,7,0
28230,Oxon Hill P+R+Bay B,38.798542,-77.000443,2,1,272.0,1,P90,0,0
28231,Potomac Av+Evans Ln,38.834896,-77.048553,4,3,206.3,1,A1X,2,0
28232,Potomac Av+Evans Ln,38.834965,-77.048775,10,7,349.4,1,A1X,7,1
28252,Kenilworth Av+Powhattan St,38.959984,-76.920097,2,1,376.0,2,P14 P35,0,0
28253,Main St+6 St,39.107937,-76.852341,1,1,56.0,1,P12,0,0
28255,Health Center Dr+Brookdale Woodward Estates,38.94912,-76.744247,3,2,383.7,1,P72,1,0
28263,Edmonston Rd+Annapolis Rd,38.939838,-76.934433,7,5,10.6,1,P42,5,0
28283,Baltimore Av+Van Buren St,38.969952,-76.938408,10,5,23.0,2,P10 P1X,5,0
28285,Monument Dr Bay G,38.858528,-77.361343,9,8,255.7,2,F60 F61,3,0
28289,Half St SW+T St SW,38.86758,-77.010559,7,5,435.4,1,C55,4,0
28327,I St NW+14 St NW,38.901443,-77.031578,22,16,320.4,3,D60 D6X D80,15,1
28329,E St NE+Columbus Cir,38.896423,-77.008034,9,8,198.7,1,D80,7,0
28342,New Carrollton+Bus Bay T1,38.949737999999996,-76.871475,4,3,332.8,2,P24 P42,0,0
28343,New Carrollton+Bus Bay T2,38.949478,-76.871765,3,3,123.7,1,P40,1,0
28344,New Carrollton+Bus Bay T3,38.949333,-76.871437,1,0,798.0,1,P21,0,0
28345,New Carrollton+Bus Bay T4,38.949509,-76.871201,2,2,33.5,1,P30,0,0
28346,New Carrollton+Bus Bay T5,38.949818,-76.870758,6,6,176.7,2,P31 P35,2,0
28374,P St NW+3 St NW,38.90955,-77.015327,5,3,132.2,1,C91,2,0
28384,South Dakota Av NE+Bladensburg Rd NE,38.925392,-76.96534,1,0,1303.0,1,C63,0,0
28390,P St NW+4 St NW,38.909679,-77.016045,1,0,561.0,1,C91,0,0
28395,1 St NW+Hospital Center Dr,38.929737,-77.012047,5,4,30.8,1,C61,3,0
28401,4 St NE+Rhode Island Av NE,38.919949,-77.000526,2,2,285.5,1,D34,0,0
28407,New York Av NE+N Capitol St NE,38.90765,-77.008461,3,2,321.7,1,D34,1,0
28408,New York Av NE+N Capitol St NE,38.907501,-77.008301,3,2,350.7,1,D34,1,0
28409,First St SE+Atlantic St SE,38.831425,-77.006042,4,3,231.5,1,C17,2,0
28410,First St SE+Atlantic St SE,38.831394,-77.005775,5,5,172.8,1,C17,3,0
28412,4 St SE+Mississippi Av SE,38.836582,-77.000839,4,2,320.8,1,C15,2,0
28413,4 St SE+Mississippi Av SE,38.836571,-77.00061,4,4,103.8,1,C15,2,0
28414,38 St SE+Alabama Av SE,38.865028,-76.952354,6,3,426.2,1,C37,4,0
28415,Alabama Av SE+Ridge Rd SE,38.874184,-76.936829,1,1,9.0,1,C23,0,0
28416,Alabama Av SE+Ridge Rd SE,38.874081,-76.937042,1,1,-90.0,1,C23,0,0
28417,Branch Av SE+Pennsylvania Av SE,38.869049,-76.960297,4,4,-2.5,1,C35,3,0
28418,Fitch St SE+53 St SE,38.881096,-76.926712,5,3,322.0,1,C37,3,0
28421,New Hampshire Av NW+24 St NW,38.901398,-77.051285,1,0,1312.0,1,C85,0,0
28424,Fort Lincoln Dr NE+33 Pl NE,38.922066,-76.955971,1,0,1299.0,1,C63,0,0
28466,17 St NE+E Capitol St NE,38.889343,-76.980812,9,3,177.8,2,C41 D24,5,1
28523,Bethesda+Bay A,38.984371,-77.095596,5,5,162.8,1,D96,3,0
28525,Rockville Pk+Wood Rd,38.999809,-77.09671,8,7,201.9,1,M70,6,0
28529,Randolph Rd+New Hampshire Av,39.075439,-77.00058,1,1,342.0,1,M44,0,0
28555,Hyattsville Crossing+Bus Bay F,38.965401,-76.956276,3,3,59.3,1,P33,1,0
28573,Ikea Way+Bus Bay 3,39.021709,-76.92672,1,1,2.0,1,P1X,0,0
28575,Morgan Boulevard+Bus Bay E,38.893024,-76.868065,3,2,121.7,1,P63,1,0
28576,Morgan Boulevard+Bus Bay F,38.892693,-76.867867,3,2,404.3,1,P61,1,0
28577,Martin Luther King Jr. Av+Johnson Av,38.933582,-76.864845,4,2,249.0,1,P60,1,0
28578,Oxon Hill P+R Bus Bay C,38.798649,-77.00071,4,4,109.3,1,P96,2,0
28582,New Carrollton+Bus Bay C,38.948502,-76.87072,4,4,132.5,1,P61,3,0
28583,New Carrollton+Bus Bay D,38.948334,-76.870895,5,3,107.6,1,P60,3,0
28585,Greenbelt Rd+Mission Dr,38.990005,-76.82444,12,7,202.3,2,P20 P24,8,1
28589,4 St+Ashford Bl,39.09491,-76.85891,3,1,551.7,2,M52 P12,0,0
28590,Greenbelt Rd+Mission Dr,38.990391,-76.824371,2,2,305.5,1,P20,1,0
28592,Martin Luther King Jr Hw+Johnson Av,38.933899,-76.865204,7,6,162.6,1,P60,5,0
28656,Mitchellville Rd+Mt Oak Rd,38.925621,-76.733101,4,4,61.3,1,P72,2,0
28664,Powder Mill Rd+High Point HS,39.042648,-76.94532,4,2,149.3,1,M44,2,0
28684,King St+Bradlee Ctr,38.829437,-77.09124,5,5,192.0,1,A71,3,0
28700,Mark Center+Bay 4,38.831741,-77.116974,5,5,100.4,1,A76,3,0
28702,Fillmore Av+Bisdorf Dr,38.83847,-77.116188,6,3,418.7,1,F20,4,1
28703,King St-Old Town+Bay A,38.806515,-77.060226,2,2,56.5,1,A71,0,0
28704,Duke St+N Jordan St,38.812279,-77.109253,4,4,174.5,1,F20,2,0
28707,Potomac Yard+Bus Bay C,38.834385,-77.047928,6,6,87.5,1,A70,4,0
28709,Braddock Rd+Nash Dr,38.818909,-77.276108,1,1,43.0,1,F29,0,0
28710,Braddock Rd+Twinbrook Rd,38.818268,-77.275116,2,1,297.5,2,F28 F29,0,0
28775,S Glebe Rd+S Eads St,38.842705,-77.054878,7,5,242.7,1,A70,4,1
2881,Glen Carlyn Dr+Vista Dr,38.852592,-77.141098,7,5,279.4,3,A49 A66 F26,2,0
2884,Carlin Springs Rd+Columbia Pk,38.852737,-77.122086,5,5,160.2,1,A76,3,0
2890,Fairfax Bl+Main St,38.852974,-77.321815,1,0,465.0,1,F60,0,0
28976,New Hampshire Av NW+24 St NW,38.901447,-77.051025,6,5,534.7,1,D10,3,0
28977,Randolph Rd+New Hampshire Av,39.075813,-77.000305,2,1,447.0,1,M44,0,0
29000,Van Ness+Bay B,38.94479,-77.064537,3,2,298.3,1,D72,1,0
29001,Deanwood+Bay E,38.907436,-76.935471,4,3,197.3,1,C35,2,0
29004,University Bl+Guilford Rd,38.983837,-76.976196,2,1,393.0,1,P31,0,0
29007,10 St NW+Pennsylvania Av NW,38.893677,-77.025795,13,13,129.8,2,D32 D6X,9,0
29008,I St NW+13 St NW,38.901463,-77.030174,5,4,418.8,1,D36,3,0
2902,Fairfax Bl+Main St,38.853111,-77.321686,4,3,102.3,1,F60,2,0
29030,10 St NW+Pennsylvania Av NW,38.893963,-77.025841,5,4,26.4,1,D1X,3,0
29032,Denver St SE+30 St SE,38.85994,-76.96489,7,5,312.4,2,C25 C26,3,0
29035,Plum Orchard Dr+Healing Wy,39.05072,-76.956413,2,2,401.0,2,M42 M44,0,0
29037,Plum Orchard Dr+Adventist Medical Ctr #2,39.050713,-76.955772,6,2,462.8,2,M42 M44,2,0
29046,W Alexandria+Bay A,38.815556,-77.129799,1,1,71.0,1,A28,0,0
29047,W Alexandria+Bay B,38.815346,-77.130295,2,2,161.5,1,F24,1,0
29048,W Alexandria+Bay C,38.815266,-77.131042,1,0,-156.0,1,A29,0,0
29050,W Alexandria+Bay E,38.815315,-77.130196,3,1,387.7,2,F23 F24,0,0
29051,W Alexandria+Bay F,38.815617,-77.129631,1,1,186.0,1,A25,0,0
29068,Allentown Rd+Camp Springs Av,38.802982,-76.907936,6,6,163.5,1,P87,4,0
29071,Potomac Av SE+Potomac Av Circle SE,38.880711,-76.984673,9,4,441.0,2,C41 C51,5,2
29084,Georgia Av-Petworth Bus Bay A,38.937222,-77.024582,2,1,373.0,1,C63,0,0
2923,Columbia Pk+Carlin Springs Rd,38.853336,-77.122665,8,6,205.6,3,A49 F20 F44,4,0
2929,23 St S+S Fern St,38.853344,-77.055473,1,1,75.0,1,A11,0,0
2934,23 St S+S Fern St,38.853397,-77.055084,3,3,-17.0,1,A11,2,0
2947,Carlin Springs Rd+Columbia Pk,38.85368,-77.122101,1,1,67.0,1,A76,0,0
3007,Gateway Bl+Marlboro Pk,38.854736,-76.898819,2,2,326.0,1,P61,0,0
3009,Gateway Bl+County Rd,38.854752,-76.898903,2,2,74.0,1,P61,1,0
3043,County Rd+Foster St,38.855434,-76.899185,7,5,76.7,1,P60,4,1
312,Huntsman Bl+Bridle Wood Dr,38.771908,-77.248779,1,0,654.0,1,F83,0,0
3172,Erie St SE+30 St SE,38.8573,-76.964287,5,3,226.0,1,D1X,3,0
3173,Erie St SE+18 St SE,38.857246,-76.979156,5,4,8.4,1,C29,3,0
3174,Erie St SE+18 St SE,38.857315,-76.97878299999999,2,2,174.5,1,C29,1,0
321,Huntsman Bl+Bridle Wood Dr,38.772591,-77.248657,1,0,694.0,1,F83,0,0
3252,Alabama Av SE+Naylor Rd SE,38.858559,-76.96843,9,4,309.8,2,C21 C27,5,0
3278,Columbia Pk+S George Mason Dr,38.859043,-77.100716,9,6,441.7,3,A40 A49 F44,5,0
3282,Naylor Rd SE+Alabama Av SE,38.859081,-76.968239,15,12,379.5,2,C53 D10,11,3
3289,Alabama Av SE+Naylor Rd SE,38.859184,-76.967964,11,8,147.5,2,C21 C27,7,0
3291,Columbia Pk+S George Mason Dr,38.858837,-77.100861,16,14,148.1,3,A40 A49 F44,11,0
3314,Naylor Rd SE+Marion Barry Av SE,38.859627,-76.968117,9,8,258.4,2,C53 D10,6,0
3374,Marion Barry Av SE+25 St SE,38.860775,-76.968948,1,1,19.0,1,C23,0,0
3390,Pennsylvania Av+Brooks Dr,38.860981,-76.919228,3,2,648.3,1,P61,1,0
3421,Marion Barry Av SE+25 St SE,38.861458,-76.96949,4,3,-53.8,1,C23,2,0
3424,S Glebe Rd+Columbia Pk,38.861526,-77.092163,6,5,249.0,1,A70,4,0
343,Old Keene Mill Rd+Hunter Village Dr,38.77441,-77.205772,2,2,-4.0,1,F81,1,0
3434,Atwood St+Addison Rd,38.861637,-76.888931,2,1,353.0,1,P62,1,0
3436,Atwood St+Addison Rd,38.861641,-76.888718,3,2,-74.7,1,P62,2,0
344,Old Keene Mill Rd+Tiverton Dr,38.774517,-77.206284,5,3,354.6,2,F81 F83,3,0
3451,S Glebe Rd+Columbia Pk,38.861698,-77.091896,5,5,122.2,1,A70,3,0
3485,Howard Rd SE+Anacostia,38.862301,-76.994835,8,6,237.1,1,C31,6,1
3491,Anacostia+Bay L,38.862385,-76.996178,5,3,326.6,1,C21,3,0
3502,Columbia Pk+S Walter Reed Dr,38.862606,-77.086609,19,16,179.5,3,A40 A49 F44,13,1
3507,Columbia Pk+S Walter Reed Dr,38.862694,-77.086746,15,11,326.0,3,A40 A49 F44,10,0
3609,Fairfax Bl+Pickett Rd,38.864826,-77.271614,1,0,700.0,1,F60,0,0
3624,Fairfax Bl+Pickett Rd,38.865021,-77.271164,2,1,599.5,1,F60,0,0
3633,Alabama Av SE+38 St SE,38.865112,-76.952652,5,4,25.6,2,C21 C23,1,0
3677,38 St SE+Pennsylvania Av SE,38.865673,-76.952141,6,3,261.7,1,C37,4,1
3680,Army-Navy Dr+S Hayes St,38.865746,-77.060059,5,4,7.8,1,F44,3,0
3687,Arlington Bl+Jaguar Tr,38.865829,-77.207428,6,3,248.8,3,F60 F61 F62,2,0
3692,Alabama Av SE+Pennsylvania Av SE,38.865959,-76.950806,3,2,79.7,1,C23,1,0
3693,16 St SE+Marion Barry Av SE,38.865959,-76.981964,2,1,-73.0,1,C15,0,0
3701,Arlington Bl+Jaguar Tr,38.866119,-77.207603,6,3,624.3,3,F60 F61 F62,2,0
3759,Marion Barry Av SE+ML King Jr Av SE,38.867241,-76.987823,7,6,102.9,1,C53,5,0
3772,N Park Dr+1 St N,38.867607,-77.116486,4,4,143.0,1,F62,2,0
3775,N Park Dr+1 St N,38.867447,-77.115906,3,2,331.3,1,F62,1,0
3785,Brooke Rd+Rollins Av,38.867851,-76.908363,2,0,617.0,1,P62,0,0
3793,Patrick Henry Dr+Arlington Bl,38.868114,-77.147232,5,4,222.4,2,A58 F62,2,0
3871,Arlington Bl+Annandale Rd,38.869652,-77.174278,14,9,183.4,3,F60 F61 F62,8,0
3876,Arlington Bl+Annandale Rd,38.869717,-77.175034,10,9,210.6,3,F60 F61 F62,5,0
3948,Arrowhead Dr+Arrowhead Cir,38.871227,-77.311928,1,1,40.0,1,F61,0,0
3952,Arrowhead Dr+Arrowhead Cir,38.871311,-77.311394,2,0,901.5,1,F61,0,0
3983,S Courthouse Rd+2 St S,38.871811,-77.081947,1,0,614.0,1,A49,0,0
403,Oxon Hill Rd+Kerby Pkwy,38.778431,-77.00618,1,1,137.0,1,P97,0,0
405,Old Keene Mill Rd+Spring Rd,38.778484,-77.189331,1,1,39.0,1,F81,0,0
406,Oxon Hill Rd+Kerby Pkwy,38.77861,-77.006271,1,0,-230.0,1,P97,0,0
4078,Southern Av SE+Pear St SE,38.873314,-76.934372,15,11,212.3,3,C21 C37 P63,9,0
4086,Wilson Bl+N Livingston St,38.873501,-77.140427,5,2,494.4,1,F60,3,0
409,Old Keene Mill Rd+Rolling Rd,38.778797,-77.234932,2,2,53.5,1,F81,1,0
4091,N Pershing Dr+N Glebe Rd,38.873672,-77.105583,1,1,-74.0,1,F62,0,0
4093,N Pershing Dr+N Glebe Rd,38.873604,-77.105583,5,5,151.2,1,F62,3,0
4099,Wilson Bl+N Livingston St,38.873661,-77.140457,5,3,531.6,3,A58 F60 F61,2,0
410,Old Keene Mill Rd+Spring Rd,38.778824,-77.188759,5,4,172.8,2,F81 F83,2,0
4104,Minnesota Av SE+Pennsylvania Av SE,38.873741,-76.970062,11,7,257.0,1,C31,9,2
4109,Pennsylvania Av SE+L'Enfant Sq SE,38.873779,-76.971687,10,7,151.1,3,C37 D10 D1X,3,0
4115,Southern Av SE+Bowen Rd SE,38.873581,-76.93428,12,9,219.7,3,C21 C37 P63,5,0
4128,Pennsylvania Av SE+L'Enfant Sq SE,38.874104,-76.971687,14,10,132.0,3,C37 D10 D1X,9,0
4157,Shady Glen Dr+Walker Mill Rd,38.874718,-76.881241,1,1,70.0,1,P61,0,0
4319,Lee Hw+Graham Rd,38.877384,-77.192184,1,1,159.0,1,F50,0,0
4329,Lee Hw+Woodley Pl,38.877705,-77.191742,3,3,93.0,1,F50,1,0
4463,Potomac Av SE+14 St SE,38.880032,-76.985748,15,12,193.4,2,C41 C51,10,1
4507,Fitch St SE+53 St SE,38.88089,-76.92733,6,3,259.3,1,C37,3,0
4510,N Barton St+N Pershing Dr,38.880924,-77.087326,4,4,231.0,2,A76 F62,2,0
4521,N Barton St+Pershing Dr,38.881142,-77.087288,4,4,120.3,1,F62,2,0
4613,N Washington St+Park Pl,38.883278,-77.16954,10,8,140.0,2,F20 F50,6,0
4624,N Washington St+Park Av,38.883224,-77.169861,10,8,231.3,2,F20 F50,6,0
4681,Pennsylvania Av SE+8 St SE,38.884262,-76.99556,14,7,126.9,3,C55 D10 D1X,8,0
4705,Washington Bl+N Longfellow St,38.884727,-77.139771,1,1,232.0,1,F50,0,0
4728,Washington Bl+N Longfellow St,38.884857,-77.14032,1,1,235.0,1,F50,0,0
4802,Washington Bl+N Quincy St,38.885986,-77.107788,6,6,79.2,1,A58,4,0
4856,Clarendon Bl+N Highland St,38.886791,-77.09523,6,6,236.0,1,A58,4,0
4880,Wilson Bl+N Herndon St,38.887249,-77.095375,6,5,231.8,1,A58,4,0
4886,Minnesota Av SE+B St SE,38.887306,-76.95491,6,5,133.5,1,C31,4,0
4888,Minnesota Av SE+36 St SE,38.887318,-76.954796,14,7,363.3,1,C31,11,2
4897,Independence Av SW+12 St SW,38.887402,-77.02858,5,3,44.4,1,D50,3,0
4945,Independence Av SW+12 St SW,38.887653,-77.028755,6,4,-40.0,1,D50,4,0
4947,37 St SE+Ridge Rd SE,38.887779,-76.95182,3,2,146.3,1,C35,0,0
4981,Ridge Rd SE+Anacostia Rd SE,38.888554,-76.951851,4,3,18.3,1,C37,2,0
5017,Campus Wy S+Prince Pl,38.889069,-76.828896,9,9,93.6,2,P72 P73,6,0
5021,Benning Rd SE+E Capitol St SE,38.889111,-76.93721,10,5,279.1,1,C21,8,1
5040,Capitol Heights+Bay D,38.88932,-76.913483,3,3,5.7,1,C31,1,0
5041,Campus Wy S+Prince Pl,38.889324,-76.829033,4,3,-38.3,2,P72 P73,1,0
5051,E Capitol St SE+46 St SE,38.889599,-76.936668,22,12,287.7,4,C37 C57 D24 D2X,14,0
5093,E Capitol St NE+47 St NE,38.889839,-76.934708,4,4,246.8,2,C23 C37,1,0
5117,E Capitol St NE+Benning Rd NE,38.889927,-76.9366,11,8,297.7,3,C57 D24 D2X,6,0
5177,Clarendon Bl+Court House,38.891308,-77.085022,9,8,243.3,2,A58 F62,5,0
5182,Wilson Bl+N Veitch St,38.891392,-77.085541,6,6,148.0,2,A58 F62,3,0
5336,18 St NW+C St NW,38.893425,-77.041702,2,1,453.0,1,A49,0,0
534,Burke Centre Pkwy+Wilmington Dr,38.787884,-77.288155,2,1,429.0,1,F81,1,0
5362,C St NE+8 St NE,38.893642,-76.994774,3,2,623.3,1,D24,0,0
5444,D St NE+8 St NE,38.894722,-76.995216,5,3,-51.4,1,D24,3,0
5472,8 St NE+D St NE,38.895012,-76.995033,11,5,156.4,1,C53,9,4
5481,Maryland Av NE+8 St NE,38.895229,-76.995209,6,5,14.8,1,C43,4,0
5491,Fitch Pl NE+51 St NE,38.895386,-76.928062,5,4,215.0,1,C37,2,0
5496,Maryland Av NE+8 St NE,38.895573,-76.994743,7,5,36.9,1,C43,5,0
5508,Addison Rd+James Farmer Wy,38.895824,-76.906128,4,2,287.0,1,P60,3,0
5523,Addison Rd+Seat Pleasant Dr,38.895954,-76.906235,6,5,152.5,1,P60,4,1
5537,E St NW+7 St NW,38.896084,-77.0215,6,3,46.0,2,D24 D30,3,0
5551,E St NW+7 St NW,38.896187,-77.021622,9,6,-27.3,2,D24 D30,6,0
5579,Seat Pleasant Dr+69 Pl,38.89645,-76.904945,2,1,-38.0,1,P62,0,0
5591,Seat Pleasant Dr+70 St,38.896488,-76.904488,2,0,-165.5,1,P62,0,0
5607,Massachusetts Av NE+1 St NE,38.896927,-77.008026,9,7,255.0,3,C43 C71 D24,4,0
5632,N Glebe Rd+Langston Bl,38.897194,-77.123222,4,2,191.3,1,A70,2,0
5657,Minnesota Av+Bay G,38.897556,-76.947327,4,3,126.5,1,C33,2,0
5662,19 St NW+F St NW,38.897514,-77.043556,2,2,209.0,1,D96,1,0
5673,Division Av NE+N H Burroughs Av NE,38.897671,-76.925865,2,0,-433.5,1,D24,0,0
5675,MD 193+Chesterton Dr,38.897732,-76.790222,7,5,1.0,1,P72,4,0
5677,N Glebe Rd+Langston Bl,38.897732,-77.123756,2,2,59.0,1,A70,1,0
5680,Campus Wy S+Central Av,38.897842,-76.822807,2,2,78.0,1,P72,0,0
5684,Watkins Park Dr+Chesterton Dr,38.897926,-76.790779,3,3,-2.0,1,P72,1,0
5685,Campus Wy S+Central Av,38.897926,-76.82253299999999,2,2,25.5,1,P72,1,0
5699,18 St NW+G St NW,38.898113,-77.041634,3,3,85.0,1,D96,1,0
571,Forrester Bl+Sherborn Ln,38.790249,-77.241264,1,1,-46.0,1,F83,0,0
5734,Division Av NE+N H Burroughs Av NE,38.89851,-76.925674,3,3,122.3,1,D24,1,0
5805,15 St NE+Benning Rd NE,38.899647,-76.983597,6,4,358.7,1,C41,4,0
5808,13 St NW+H St NW,38.899666,-77.029518,5,4,488.0,2,A29 A49,2,0
5815,Benning Rd NE+16 St NE,38.899841,-76.981209,14,7,353.4,3,C57 D20 D2X,8,1
5820,Benning Rd NE+15 St NE,38.899876,-76.982475,17,14,98.9,3,C57 D20 D2X,10,0
5823,N Capitol St NE+H St NE,38.899879,-77.008926,5,5,-11.0,1,D30,3,0
5826,8 St NE+H St NE,38.899899,-76.995003,11,3,595.5,1,C53,8,4
5832,8 St NE+H St NE,38.899963,-76.99498,11,6,473.3,1,C53,8,1
5842,7 St NW+H St NW,38.900051,-77.022026,14,9,193.4,2,D40 D4X,10,1
5846,H St NW+N Capitol St NW,38.900093,-77.009445,11,9,285.4,2,D20 D2X,7,0
5855,H St NE+8 St NE,38.900146,-76.994347,11,9,182.5,2,D20 D2X,7,0
5869,H St NW+N Capitol St NW,38.900246,-77.009621,10,5,396.9,2,D20 D2X,6,1
5876,H St NE+8 St NE,38.900261,-76.995377,13,7,397.2,2,D20 D2X,9,1
5895,N Capitol St NW+H St NW,38.90049,-77.00914,3,2,33.7,1,D30,1,0
5912,23 St NW+I St NW,38.900902,-77.050018,5,3,232.8,1,D74,3,0
5914,14 St NW+I St NW,38.900921,-77.032082,13,11,71.1,2,D50 D5X,9,0
5939,Hall Rd+Pointer Ridge Dr,38.901257,-76.733078,2,2,152.5,1,P73,1,0
5946,I St NW+17 St NW,38.90139,-77.039055,17,11,170.4,3,D10 D80 D94,10,2
5961,17 St NW+I St NW,38.901543,-77.039536,4,2,1221.8,1,D72,2,0
5968,17 St NW+I St NW,38.901615,-77.038597,10,9,139.5,3,A58 D20 D70,5,0
5978,Seat Pleasant Dr+Hill Rd,38.901802,-76.887306,4,4,-8.8,1,P62,2,0
5983,Seat Pleasant Dr+Hill Rd,38.901844,-76.886986,1,0,-121.0,1,P62,0,0
5990,15 St+I St NW+K St NW,38.902054,-77.034477,6,4,452.8,1,D24,4,0
6029,K St NW+13 St NW,38.902473,-77.029991,10,7,216.0,1,D6X,8,1
6034,K St NE+8 St NE,38.902496,-76.995201,12,10,471.8,2,C71 D36,8,0
6050,K St NE+8 St NE,38.902565,-76.994751,5,4,-22.8,2,C71 D36,2,0
6065,11 St NW+K St NW,38.902706,-77.027077,6,3,533.2,2,D32 D44,2,0
6083,11 St NW+K St NW,38.90292,-77.027016,13,9,245.4,2,D32 D44,9,2
6084,Pennsylvania Av NW+24 St NW,38.902916,-77.051567,7,4,180.1,2,A58 C85,4,0
6095,Pennsylvania Av NW+24 St NW,38.903065,-77.051147,5,5,140.4,1,A58,3,0
615,Lindsay Rd+Wilmette Dr,38.792976,-76.991646,1,1,230.0,1,P96,0,0
6182,Lee St NE+#5152,38.904671,-76.925179,3,2,238.7,1,C33,2,0
6209,M St NW+Wisconsin Av NW,38.905094,-77.062363,17,8,489.3,4,A58 C85 D80 D82,10,2
6222,M St NW+31 St NW,38.905258,-77.061592,7,4,355.1,2,C85 D80,3,1
623,Leyte Dr+Lindsay Rd,38.793228,-76.992081,2,1,62.5,1,P96,1,0
6264,Lake Arbor Wy+Golf Course Dr,38.905895,-76.819244,6,4,-47.3,1,P72,4,0
6369,20 St NW+Sunderland Pl NW,38.907787,-77.0448,3,3,36.3,1,D94,1,0
6384,Leesburg Pk+Paul Edwin Ter,38.908047,-77.213562,8,6,300.3,1,F20,6,0
6407,Leesburg Pk+Lisle Av,38.90868,-77.214264,7,6,193.7,1,F20,5,0
6423,MacArthur Bl NW+Q St NW,38.909107,-77.087166,1,1,168.0,1,D94,0,0
6427,MacArthur Bl NW+Q St NW,38.908867,-77.086067,4,3,310.3,1,D94,3,0
6461,Q St NW+MacArthur Bl NW,38.909531,-77.085815,1,0,2004.0,1,C85,0,0
6475,P St NW+14 St NW,38.909725,-77.03241,7,7,62.9,1,C91,5,0
6476,P St NW+21 St NW,38.909641,-77.046074,2,1,-121.0,1,D96,0,0
6481,P St NW+14 St NW,38.909649,-77.032249,6,2,695.2,1,C91,4,1
6493,P St NW+20 St NW,38.909725,-77.044769,5,3,358.6,1,C91,3,0
6502,New Jersey Av NW+P St NW,38.909805,-77.016418,7,5,62.6,1,C51,5,0
6505,Montello Av NE+Simms Pl NE,38.909828,-76.985283,1,0,744.0,1,D36,0,0
6513,New Jersey Av NW+P St NW,38.910038,-77.016357,3,2,-59.7,1,C51,1,0
6524,Mt Olivet Rd NE+Montello Av NE,38.910301,-76.985191,2,0,1348.0,1,D36,0,0
6528,Massachusetts Av NW+20 St NW,38.910378,-77.045456,9,7,111.6,2,D74 D90,4,0
6567,Florida Av NW+N Capitol St NW,38.910854,-77.009338,7,4,90.6,2,C53 C57,4,0
6579,Florida Av NW+N Capitol St NW,38.910988,-77.009514,6,4,432.0,2,C53 C57,3,1
6590,N Capitol St NW+Bates St NW,38.910572,-77.009254,2,1,-92.5,1,D30,1,0
6638,Rhode Island Av NW+7 St NW,38.912346,-77.021622,2,1,484.5,1,D32,1,1
6686,35 St NW+Reservoir Rd NW,38.912987,-77.069176,2,2,104.5,1,D96,1,0
6782,Connecticut Av NW+Florida Av NW,38.91497,-77.046097,7,4,422.0,1,D70,5,1
6789,West Virginia Av NE+16 St NE,38.915127,-76.980621,1,1,162.0,1,C71,0,0
6799,Connecticut Av NW+Leroy Pl NW,38.915348,-77.046478,5,1,136.6,1,D70,3,0
6820,35 St NW+T St NW,38.915623,-77.069458,8,5,97.9,1,D96,6,0
6823,7 St NW+T St NW,38.915752,-77.021965,17,12,315.2,2,D40 D4X,13,1
6843,Florida Av NW+Georgia Av NW,38.916161,-77.021622,6,2,529.3,1,C53,4,2
6848,Florida Av NW+7 St NW,38.916328,-77.022179,8,6,306.8,1,C53,6,1
6857,Vermont Av NW+U St NW,38.916485,-77.025681,5,4,179.4,2,C57 D44,1,0
6867,16 St NW+U St NW,38.916733,-77.036423,12,11,157.6,2,D60 D6X,8,0
6874,Vermont Av NW+U St NW,38.916821,-77.02533,4,3,351.0,1,D44,2,0
6877,ML King Jr Hwy+Columbia Pk Rd,38.916878,-76.882286,6,4,252.2,1,P60,4,0
6884,U St NW+14 St NW,38.916954,-77.032242,8,4,408.5,1,C53,6,1
6899,U St NW+14 St NW,38.917057,-77.031662,10,4,408.5,2,C51 C53,6,1
6901,Brightseat Rd+Landover Rd,38.91708,-76.860405,1,1,238.0,1,P61,0,0
6908,14 St NW+U St NW,38.91721,-77.032097,12,7,255.8,2,D50 D5X,7,0
6922,14 St NW+U St NW,38.917267,-77.03186,13,9,17.2,2,D50 D5X,9,0
6966,Barlowe Rd+Palmer Park Rd,38.918549,-76.870628,3,1,-88.3,1,P41,1,0
6980,Barlowe Rd+Palmer Park Rd,38.918686,-76.870766,2,0,170.0,1,P41,1,0
7002,Rhode Island Av NE+3 St NE,38.919098,-77.002289,6,3,460.7,1,D32,4,0
7046,Old Dominion Dr+Chesterbrook Ctr,38.920166,-77.151062,3,1,173.3,1,A70,1,0
7117,Bladensburg Rd NE+26 St NE,38.921383,-76.969246,7,5,247.4,1,C41,5,1
7118,Bladensburg Rd NE+26 St NE,38.92144,-76.968994,9,2,613.1,1,C41,7,1
7130,Ft Lincoln Dr NE+33 Pl NE,38.921825,-76.956329,13,11,93.5,3,C63 D32 P42,7,1
7154,Columbia Rd NW+18 St NW,38.922352,-77.042923,14,12,99.3,2,D72 D74,9,0
7155,Columbia Rd NW+Biltmore St NW,38.922455,-77.043137,14,10,191.8,2,D72 D74,10,1
7171,39 Pl NW+Calvert St NW,38.922695,-77.077095,3,2,140.0,1,D96,1,0
7211,41 St NW+Davis Pl NW,38.92345,-77.080544,4,1,138.5,2,C85 D96,1,0
7212,Calvert St NW+Connecticut Av NW,38.923458,-77.051064,6,5,142.5,1,C51,4,0
7219,Calvert St NW+Connecticut Av NW,38.92355,-77.051987,4,1,659.0,1,C51,2,0
7237,Connecticut Av NW+Calvert St NW,38.923923,-77.051605,5,3,441.8,1,D70,3,0
7272,24 St NW+Calvert St NW,38.924175,-77.05249,6,6,42.8,1,C53,4,0
7274,Connecticut Av NW+24 St NW,38.924492,-77.052177,5,3,326.0,1,D70,3,0
7308,Hawthorne St+Pinebrook Av,38.925285,-76.890739,5,3,10.2,1,P41,3,0
7317,Hawthorne St+Pinebrook Av,38.92543,-76.891083,6,6,89.5,1,P41,4,0
7331,Franklin St NE+Rhode Island Av NE,38.925526,-76.982445,2,1,307.5,1,C63,1,0
7349,South Dakota Av NE+Franklin St NE,38.925755,-76.965973,1,0,-257.0,1,C63,0,0
7354,Franklin St NE+15 St NE,38.925808,-76.983635,2,1,-109.5,1,C63,1,0
7390,Fire House Rd+E Lombard St,38.926487,-76.880875,4,4,50.5,1,P41,2,0
7423,Firehouse Rd+E Lombard St,38.926529,-76.880791,4,1,-149.0,1,P41,2,0
7433,Rhode Island Av NE+18 St NE,38.927227,-76.979607,15,14,114.7,4,D32 P10 P1X P40,6,0
7441,Columbia Rd NW+14 St NW,38.927528,-77.033035,11,7,273.0,2,C61 D74,6,0
7464,Rhode Island Av NE+18 St NE,38.927914,-76.978905,17,12,274.9,4,D32 P10 P1X P40,9,2
7472,Columbia Rd NW+Georgia Av NW,38.928238,-77.022919,8,6,331.6,2,C61 C63,5,0
7482,16 St NW+Irving St NW,38.928478,-77.036453,16,15,175.4,2,D60 D6X,11,1
7486,18 St NE+Hamlin St NE,38.928387,-76.979309,1,0,1825.0,1,C71,0,0
7500,Massachusetts Av NW+Wisconsin Av NW,38.928722,-77.07354,1,0,525.0,1,D90,0,0
7515,Massachusetts Av NW+Wisconsin Av NW,38.928898,-77.073479,1,1,75.0,1,D90,0,0
7524,Irving St NW+Georgia Av NW,38.929008,-77.023552,7,4,271.0,2,C61 C63,5,1
7530,Wisconsin Av NW+Cathedral Av NW,38.929199,-77.073189,13,10,323.2,3,C85 D80 D82,7,1
7535,Wisconsin Av NW+Cathedral Av NW,38.92923,-77.072968,20,8,895.7,2,D80 D82,15,4
7583,Cathedral Av NW+New Mexico Av NW,38.930286,-77.083382,4,1,43.0,1,D90,2,0
7587,Cathedral Av NW+New Mexico Av NW,38.930401,-77.083633,5,5,187.4,1,D90,3,0
7604,Mt Pleasant St NW+Lamont St NW,38.930897,-77.038132,8,6,53.9,2,C87 D72,5,0
7611,Lamont St NW+Mt Pleasant St NW,38.931179,-77.038513,13,11,166.3,1,D72,11,0
7660,Old Dominion Dr+Hampton Ridge Dr,38.931965,-77.174095,1,1,107.0,1,A70,0,0
7765,22 St NE+South Dakota Av NE,38.933479,-76.974167,4,3,558.0,1,D34,2,1
7770,Brookland-CUA+Bay F,38.933586,-76.994041,3,2,-92.0,1,C63,1,0
7803,Wisconsin Av NW+Newark St NW,38.934395,-77.072411,5,1,757.0,1,C51,3,1
7838,Kenilworth Av+Kenilworth Towers,38.935337,-76.93589,1,0,-130.0,1,P14,0,0
7858,Connecticut Av NW+Ordway St NW,38.935764,-77.058495,3,3,87.0,1,D70,1,0
7865,Kenilworth Av+Kenilworth Towers,38.935825,-76.935966,3,1,569.3,1,P14,1,0
7866,Loughboro Rd NW+Sibley Hosp,38.935848,-77.107742,11,9,310.0,2,C81 D94,7,1
7874,Connecticut Av NW+Ordway St NW,38.936008,-77.05883,6,5,334.2,1,D70,3,0
7902,Rhode Island Av+34 St,38.93676,-76.960457,14,6,-23.2,4,C41 P10 P1X P40,6,0
7903,Nebraska Av NW+American Univ,38.936863,-77.086716,6,4,254.3,2,C81 D90,3,0
7910,Porter St NW+Connecticut Av NW,38.936764,-77.059525,6,2,481.0,1,C61,4,0
7911,Porter St NW+Connecticut Av NW,38.936882,-77.060051,6,3,244.3,1,C61,4,1
7925,Connecticut Av NW+Porter St NW,38.937183,-77.059311,4,2,61.5,1,D72,2,0
797,Oxon Hill Rd+Livingston Rd,38.803181,-76.991531,4,4,30.3,1,P90,2,0
7979,Connecticut Av NW+Rodman St NW,38.938412,-77.060234,5,5,21.0,1,D72,3,0
7985,Massachusetts Av NW+Ward Cir NW,38.93848,-77.086823,5,4,252.6,1,D96,3,0
8000,Massachusetts Av NW+Ward Cir NW,38.938911,-77.087143,4,2,388.8,1,D96,2,0
8014,Annapolis Rd+65 Av,38.939189999999996,-76.906975,3,2,345.0,1,P40,1,0
8022,Annapolis Rd+Edmonston Rd,38.939373,-76.933296,9,8,122.9,1,P40,7,1
8037,Annapolis Rd+Edmonston Rd,38.939522,-76.934021,11,4,467.9,1,P40,9,1
8051,Annapolis Rd+65 Av,38.939846,-76.906494,5,4,151.6,1,P40,3,0
8166,Cooper Ln+Annapolis Rd,38.942146,-76.903801,5,3,153.4,1,P41,3,0
8169,New Hampshire Av NW+Upshur St NW,38.942207,-77.020027,2,1,343.0,1,D44,0,0
8174,New Hampshire Av NW+Upshur St NW,38.942249,-77.019821,5,4,115.2,1,D44,3,0
8223,12 St NE+Varnum St NE,38.943138,-76.99025,3,3,107.0,1,D30,1,0
8226,12 St NE+Varnum St NE,38.943157,-76.990143,7,5,245.1,1,D30,5,1
8288,Connecticut Av NW+Veazey Ter NW,38.944675,-77.06395,3,3,85.3,1,D70,1,0
8289,Connecticut Av NW+Veazey Ter NW,38.944706,-77.063713,5,3,133.8,1,D70,3,0
8304,Michigan Av NE+Queens Chapel Ter NE,38.945503,-76.978638,6,4,330.3,1,P33,4,0
8307,Michigan Av NE+Queens Chapel Ter NE,38.945644,-76.978615,2,1,586.0,1,P33,1,0
8313,14 St NW+Buchanan St NW,38.945759,-77.032616,8,3,317.1,2,D50 D5X,5,0
8318,Allison St NW+Rock Creek Church Rd NW,38.94595,-77.008667,7,7,178.3,1,D74,5,0
8319,Eastern Av NE+Michigan Av NE,38.945953,-76.977646,4,2,113.5,1,P42,2,0
8321,16 St NW+Buchanan St NW,38.945995,-77.036354,10,9,162.2,2,D60 D6X,5,0
8350,14 St NW+Buchanan St NW,38.946339,-77.032761,11,8,73.1,2,D50 D5X,8,1
8351,Rock Creek Church Rd NW+Allison St NW,38.946335,-77.008652,4,2,-85.8,1,D74,2,0
8360,Queens Chapel Rd+21 St,38.946659,-76.976616,1,0,1482.0,1,D34,0,0
837,Brinkley Rd+Huntcrest Condos,38.804142,-76.953461,1,1,323.0,1,P87,0,0
8373,Sherman Cir NW+Crittenden St NW,38.94717,-77.021217,6,5,-33.5,1,C75,4,0
8386,Sherman Cir NW+Crittenden St NW,38.94751,-77.022583,4,3,10.5,1,C75,2,0
8393,Wisconsin Av NW+Albemarle St NW,38.947681,-77.079422,7,6,342.7,1,D80,5,0
8416,40 St NW+Albemarle St NW,38.948257,-77.078781,1,1,292.0,1,C87,0,0
8436,Fort Dr NW+Albemarle St NW,38.948689,-77.078445,17,16,84.4,4,C51 C61 C81 D90,9,0
8439,Westmoreland Cir NW+Western Av NW,38.94902,-77.10041,6,4,139.7,1,D96,4,0
8450,Western Av+Westmoreland Cir,38.949474,-77.100304,4,3,216.8,1,D96,2,0
8480,Annapolis Rd+Gallatin St,38.950043,-76.886375,6,4,521.0,1,P40,4,0
8488,Rhode Island Av+County Service Bldg,38.950615,-76.94165,6,3,141.0,2,P10 P1X,3,0
8493,Annapolis Rd+Gallatin St,38.950775,-76.886162,3,2,273.0,1,P40,1,0
8495,Rhode Island Av+County Service Bldg,38.950867,-76.941299,4,3,201.0,1,P1X,2,0
851,S Washington St+King St,38.804607,-77.046959,5,5,88.6,1,A11,3,0
852,Burke Rd+Ashbourn Dr,38.804615,-77.2789,1,1,89.0,1,F28,0,0
8557,Nebraska Av NW+Fort Dr NW,38.952526,-77.073357,1,0,1610.0,1,C85,0,0
8633,Sargent Rd+Eastern Av NE,38.954735,-76.98774,6,6,113.2,2,P32 P35,3,0
8637,Sargent Rd+Eastern Av NE,38.954784,-76.987839,8,8,206.9,2,P32 P35,5,0
8673,14 St NW+Colorado Av NW,38.955872,-77.033257,7,6,226.6,1,D5X,5,0
8676,14 St NW+Colorado Av NW,38.955776,-77.033066,2,2,20.5,1,D50,0,0
8679,Connecticut Av NW+Nebraska Av NW,38.955765,-77.070152,5,3,131.8,1,D70,3,0
8681,Nebraska Av NW+Connecticut Av NW,38.955761,-77.070763,4,3,354.3,2,C81 C87,2,0
8686,Georgia Av NW+Kennedy St NW,38.956554,-77.027931,13,13,215.7,2,D40 D4X,8,0
8689,Chillum Pl NE+Eastern Av NE,38.956127,-76.99041,6,3,557.7,1,C71,4,0
8693,Connecticut Av NW+Nebraska Av NW,38.95615,-77.070511,6,6,52.2,1,D70,4,0
8699,5 St NW+Kennedy St NW,38.956215,-77.019875,2,0,38.5,1,C75,0,0
8700,Kennedy St NW+14 St NW,38.956181,-77.032997,2,1,249.5,1,C81,0,0
8711,Nebraska Av NW+Connecticut Av NW,38.956333,-77.070145,8,7,196.1,2,C81 C87,3,0
8715,Georgia Av NW+Kennedy St NW,38.955872,-77.028069,18,15,172.1,2,D40 D4X,13,2
8717,Kennedy St NW+5 St NW,38.956425,-77.019691,5,4,240.2,1,C81,3,0
8725,5 St NW+Kennedy St NW,38.956608,-77.019936,5,4,36.6,1,C75,3,0
8738,Eastern Av+Jamaica St,38.956909,-76.99115,5,4,324.2,1,C71,2,0
874,Oxon Hill Rd+John Hanson Ln,38.80513,-76.976433,1,0,448.0,1,P87,0,0
8744,Annapolis Rd+85 Av,38.95702,-76.870842,4,2,537.3,3,P20 P21 P24,0,0
8748,14 St NW+Longfellow St NW,38.957031,-77.033531,5,5,44.0,1,D5X,3,0
8753,Annapolis Rd+85 Av,38.957214,-76.870033,5,3,606.2,3,P20 P21 P24,1,0
879,N Washington St+King St,38.805294,-77.046989,5,3,393.8,2,A11 A12,2,0
8825,Riverdale Rd+57 Av,38.959183,-76.918732,12,7,250.4,3,P30 P31 P42,8,1
8831,Riverdale Rd+57 Av,38.95927,-76.918625,8,6,259.0,3,P30 P31 P42,3,0
8844,85 Av+Longfellow St,38.959572,-76.869759,4,3,51.5,1,P42,2,0
8852,85 St+Longfellow St,38.959614,-76.870071,5,2,-10.8,1,P42,3,0
8892,Nebraska Av NW+Broad Branch Rd NW,38.960667,-77.066391,1,1,159.0,1,C83,0,0
8898,Nebraska Av NW+Military Rd NW,38.960793,-77.066444,4,4,23.3,1,C83,2,0
8939,Riverdale Rd+67 Av,38.962025,-76.902084,3,1,-165.7,1,P42,2,0
8944,Friendship Heights+Bay J,38.96138,-77.085106,4,4,165.5,2,D96 M82,1,0
8945,Friendship Heights+Bay C,38.961391,-77.085693,5,3,410.2,2,D80 D82,2,0
8961,Riggs Rd+Berkshire Dr,38.961628,-76.996521,6,5,-78.0,1,P16,4,0
8967,Riggs Rd+Eastern Av NE,38.961758,-76.996811,9,5,67.3,2,P15 P16,5,1
8975,Riverdale Rd+67 Ct,38.962093,-76.90242,2,0,281.0,1,P42,1,0
9091,Riverdale Rd+Auburn Av,38.964317,-76.897186,6,4,294.2,1,P30,4,0
9095,Riverdale Rd+Auburn Av,38.96439,-76.896378,10,8,138.8,2,P30 P35,6,0
9128,Chillum Rd+Eastern Av NE,38.964954,-77.000992,6,5,110.7,1,P42,4,0
9140,Auburn Av+Riverdale Rd,38.964867,-76.896759,1,1,335.0,1,P35,0,0
9153,Eastern Av NE+New Hampshire Av NE,38.965366,-77.001976,2,2,271.5,1,P42,1,0
9157,Hyattsville Crossing+Bay G,38.9655,-76.956062,7,4,-9.0,2,P10 P30,3,0
9173,New Hampshire Av+Eastern Av NE,38.966145,-77.001999,9,7,44.3,2,M60 M6X,5,0
9175,River Rd+Ridgefield Rd,38.966198,-77.105728,4,3,231.5,1,M82,2,0
9180,River Rd+Brookside Dr,38.966366,-77.105736,1,1,73.0,1,M82,0,0
9187,Chevy Chase Terminal+Connecticut Av NW,38.966549,-77.077148,4,4,87.5,1,D70,3,0
9208,Kansas Av NE+Tuckerman St NE,38.967052,-77.006981,1,1,176.0,1,C77,0,0
9260,New Hampshire Av+Sheridan St,38.968578,-77.000465,7,3,100.7,1,M60,5,1
9263,N Capitol St NW+Underwood Pl NW,38.968807,-77.009125,2,2,-78.5,1,C77,1,0
9376,MD 212+East-West Hwy,38.971539,-76.980232,7,4,143.6,2,P16 P35,3,1
9381,Riggs Rd+East-West Hwy,38.971615,-76.979828,6,5,194.0,3,P15 P16 P35,1,1
9382,Lindsay Dr NW+Knollwood,38.971619,-77.055824,2,2,204.0,1,C83,1,0
9391,14 St NW+Aspen St NW,38.971813,-77.03334,8,6,207.1,2,D50 D5X,5,0
9398,14 St NW+Aspen St NW,38.971958,-77.033432,4,4,179.8,1,D5X,2,0
9449,Lanham-Severn Rd+Seabrook Rd,38.973278,-76.844925,2,1,-155.0,1,P20,1,0
9499,Good Luck Rd+Lamont ES,38.97501,-76.883858,2,2,13.0,1,P42,0,0
957,Rolling Rd+Burke Lake Rd,38.807289,-77.254585,1,1,9.0,1,F29,0,0
9657,Doctors Hospital Rdwy+Bus Shelter,38.98164,-76.86544,3,3,200.0,1,P21,2,0
9669,Philadelphia Av+Holly Av,38.982216,-77.013474,5,3,204.0,1,P30,3,0
9670,Philadelphia Av+Holly Av,38.982304,-77.013939,5,5,-33.2,1,P30,3,0
9688,Riggs Rd+University Bl,38.983017,-76.979332,2,2,24.5,1,M12,1,0
9695,University Bl+Riggs Rd,38.983521,-76.976318,6,6,46.7,3,P15 P16 P31,2,0
9705,University Bl+Riggs Rd,38.983711,-76.978432,4,3,7.8,2,P15 P16,1,0
972,Edsall Rd+Yoakum Pkwy,38.807701,-77.138588,1,1,-21.0,1,A28,0,0
9725,Western Av NW+31 St NW,38.984608,-77.055206,2,2,218.5,1,C83,1,0
976,Duke St+Alexandria Commons,38.808029,-77.085983,7,4,280.1,2,F23 F24,2,0
979,Duke St+Alexandria Commons,38.808064,-77.085732,1,1,36.0,1,F23,0,0
9811,East-West Hwy+Connecticut Av,38.987995,-77.076271,7,7,156.0,1,M70,5,0
9812,East-West Hwy+Connecticut Av,38.988018,-77.076416,9,8,307.6,1,M70,7,0
983,Burke Lake Rd+Rolling Rd,38.808178,-77.25425,1,1,157.0,1,F28,0,0
9831,Ora Glen Dr+Mandan Rd,38.988823,-76.864723,4,3,352.0,1,P21,2,0
9832,Ora Glen Dr+Mandan Rd,38.988834,-76.865181,2,2,219.5,1,P21,0,0
9847,Westchester Park Dr+Westchester Park Dr,38.989994,-76.904297,4,4,13.0,1,P14,1,0
9849,River Rd+Burdette Rd,38.990139,-77.152184,1,1,207.0,1,M82,0,0
9898,Baltimore Av+Berwyn House Rd,38.992279,-76.933205,3,1,548.7,2,M44 P1X,0,0
9901,Baltimore Av+Navahoe St,38.992294,-76.933449,7,5,-97.6,1,P1X,5,0
9934,East-West Hwy+Grubb Rd,38.99395,-77.051682,9,8,257.0,1,M70,7,0
9935,Greenbelt Rd+Greenway Ctr,38.993988,-76.877563,2,1,-38.5,1,P21,0,0
9938,Connecticut Av+Chevy Chase Lake Dr,38.994175,-77.077034,1,0,476.0,1,M22,0,0
9941,Connecticut Av+Chevy Chase Lake Dr,38.994259,-77.077271,7,6,265.6,1,M22,4,0
9942,Greenbelt Rd+Greenway Ctr,38.994228,-76.877129,3,3,177.3,1,P20,1,0
9992,Baltimore Av+Berwyn Rd,38.995857,-76.931999,8,6,321.0,2,M42 M44,4,0
